2025-11-05T19:46:09.852Z In(05) vmx Log for VMware Workstation pid=23324 version=17.6.4 build=build-24832109 option=Release
2025-11-05T19:46:09.852Z In(05) vmx The host is x86_64.
2025-11-05T19:46:09.852Z In(05) vmx Host codepage=windows-1252 encoding=windows-1252
2025-11-05T19:46:09.852Z In(05) vmx Host is Windows 11 Pro, 64-bit (Build 26100.6899)
2025-11-05T19:46:09.852Z In(05) vmx Host offset from UTC is -02:00.
2025-11-05T19:46:09.833Z In(05) vmx VTHREAD 26776 "vmx"
2025-11-05T19:46:09.835Z In(05) vmx LOCALE windows-1252 -> NULL User=409 System=409
2025-11-05T19:46:09.835Z In(05) vmx Msg_SetLocaleEx: HostLocale=windows-1252 UserLocale=NULL
2025-11-05T19:46:09.841Z In(05) vmx DictionaryLoad: Cannot open file "C:\Users\NARUTO1\AppData\Roaming\VMware\config.ini": The system cannot find the file specified.
2025-11-05T19:46:09.841Z In(05) vmx Msg_Reset:
2025-11-05T19:46:09.841Z In(05) vmx [msg.dictionary.load.openFailed] Cannot open file "C:\Users\NARUTO1\AppData\Roaming\VMware\config.ini": The system cannot find the file specified.
2025-11-05T19:46:09.841Z In(05) vmx ----------------------------------------
2025-11-05T19:46:09.841Z In(05) vmx ConfigDB: Failed to load C:\Users\NARUTO1\AppData\Roaming\VMware\config.ini
2025-11-05T19:46:09.842Z In(05) vmx Win32U_GetFileAttributes: GetFileAttributesExW("C:\Users\NARUTO1\GNS3\projects\holy_project\project-files\vmware\9b45566c-e1a2-4e25-a626-55630a1784bc\WindowsServer2019-1.vmpl", ...) failed, error: 2
2025-11-05T19:46:09.842Z In(05) vmx OBJLIB-LIB: Objlib initialized.
2025-11-05T19:46:09.843Z In(05) vmx DictionaryLoad: Cannot open file "C:\Users\NARUTO1\AppData\Roaming\VMware\config.ini": The system cannot find the file specified.
2025-11-05T19:46:09.843Z In(05) vmx [msg.dictionary.load.openFailed] Cannot open file "C:\Users\NARUTO1\AppData\Roaming\VMware\config.ini": The system cannot find the file specified.
2025-11-05T19:46:09.843Z In(05) vmx PREF Optional preferences file not found at C:\Users\NARUTO1\AppData\Roaming\VMware\config.ini. Using default values.
2025-11-05T19:46:09.848Z In(05) vmx lib/ssl: OpenSSL using default provider
2025-11-05T19:46:09.849Z In(05) vmx lib/ssl: Client usage
2025-11-05T19:46:09.849Z In(05) vmx lib/ssl: protocol list tls1.2
2025-11-05T19:46:09.849Z In(05) vmx lib/ssl: protocol min 0x303 max 0x303
2025-11-05T19:46:09.849Z In(05) vmx lib/ssl: protocol list tls1.2 (openssl flags 0x36000000)
2025-11-05T19:46:09.849Z In(05) vmx lib/ssl: cipher list ECDHE+AESGCM:RSA+AESGCM:ECDHE+AES:RSA+AES
2025-11-05T19:46:09.849Z In(05) vmx lib/ssl: cipher suites TLS_AES_128_GCM_SHA256:TLS_AES_256_GCM_SHA384
2025-11-05T19:46:09.849Z In(05) vmx lib/ssl: curves list prime256v1:secp384r1:secp521r1
2025-11-05T19:46:09.849Z In(05) vmx lib/ssl: Server usage
2025-11-05T19:46:09.849Z In(05) vmx lib/ssl: protocol list tls1.2
2025-11-05T19:46:09.849Z In(05) vmx lib/ssl: protocol min 0x303 max 0x303
2025-11-05T19:46:09.849Z In(05) vmx lib/ssl: protocol list tls1.2 (openssl flags 0x36000000)
2025-11-05T19:46:09.849Z In(05) vmx lib/ssl: cipher list ECDHE+AESGCM:RSA+AESGCM:ECDHE+AES:RSA+AES
2025-11-05T19:46:09.849Z In(05) vmx lib/ssl: cipher suites TLS_AES_128_GCM_SHA256:TLS_AES_256_GCM_SHA384
2025-11-05T19:46:09.849Z In(05) vmx lib/ssl: curves list prime256v1:secp384r1:secp521r1
2025-11-05T19:46:09.855Z In(05) vmx Hostname=NARUTO
2025-11-05T19:46:09.859Z In(05) vmx IP=fe80::c82a:f58:23c4:d895%21
2025-11-05T19:46:09.859Z In(05) vmx IP=192.168.1.7
2025-11-05T19:46:09.860Z In(05) vmx IP=fe80::e010:5454:6c93:713f%15
2025-11-05T19:46:09.860Z In(05) vmx IP=fe80::a173:4695:f611:a7d2%25
2025-11-05T19:46:09.860Z In(05) vmx IP=fe80::fc73:b53e:626b:4869%12
2025-11-05T19:46:09.860Z In(05) vmx IP=fe80::833f:7447:ca0a:9f6e%10
2025-11-05T19:46:09.860Z In(05) vmx IP=fe80::71a:e6b0:4478:c64a%39
2025-11-05T19:46:09.860Z In(05) vmx IP=fe80::938f:a699:c:9036%32
2025-11-05T19:46:09.860Z In(05) vmx IP=fe80::3556:5a2b:fbd9:4ac1%14
2025-11-05T19:46:09.860Z In(05) vmx IP=fe80::f0a4:42e4:2360:e541%13
2025-11-05T19:46:09.860Z In(05) vmx IP=fe80::e21a:9ff9:3df2:9430%37
2025-11-05T19:46:09.860Z In(05) vmx IP=fe80::daaf:2acd:9bf3:fd11%2
2025-11-05T19:46:09.860Z In(05) vmx IP=fe80::dd4d:6ded:5871:fa9a%16
2025-11-05T19:46:09.860Z In(05) vmx IP=fe80::586:58f2:ae46:daf1%19
2025-11-05T19:46:09.860Z In(05) vmx IP=fe80::2bdf:2271:a0b:3906%35
2025-11-05T19:46:09.860Z In(05) vmx IP=fe80::33c5:7ba3:bf61:3ec4%33
2025-11-05T19:46:09.860Z In(05) vmx IP=fe80::eb67:848:9c5b:f74b%18
2025-11-05T19:46:09.860Z In(05) vmx IP=fe80::8b5a:8af4:d8c2:67e8%26
2025-11-05T19:46:09.860Z In(05) vmx IP=fe80::646:fb9f:4ff4:e486%9
2025-11-05T19:46:09.860Z In(05) vmx IP=fe80::3ca:7682:cdd0:26d2%31
2025-11-05T19:46:09.860Z In(05) vmx IP=fe80::dbd8:b98f:7c0:6e81%24
2025-11-05T19:46:09.860Z In(05) vmx IP=169.254.159.129
2025-11-05T19:46:09.860Z In(05) vmx IP=169.254.190.173
2025-11-05T19:46:09.860Z In(05) vmx IP=169.254.188.231
2025-11-05T19:46:09.860Z In(05) vmx IP=169.254.148.0
2025-11-05T19:46:09.860Z In(05) vmx IP=169.254.240.155
2025-11-05T19:46:09.860Z In(05) vmx IP=169.254.109.253
2025-11-05T19:46:09.860Z In(05) vmx IP=169.254.131.120
2025-11-05T19:46:09.860Z In(05) vmx IP=169.254.133.97
2025-11-05T19:46:09.860Z In(05) vmx IP=169.254.100.149
2025-11-05T19:46:09.860Z In(05) vmx IP=169.254.65.197
2025-11-05T19:46:09.860Z In(05) vmx IP=169.254.45.21
2025-11-05T19:46:09.860Z In(05) vmx IP=169.254.32.69
2025-11-05T19:46:09.860Z In(05) vmx IP=169.254.0.174
2025-11-05T19:46:09.860Z In(05) vmx IP=169.254.249.77
2025-11-05T19:46:09.860Z In(05) vmx IP=169.254.8.111
2025-11-05T19:46:09.860Z In(05) vmx IP=169.254.188.209
2025-11-05T19:46:09.860Z In(05) vmx IP=169.254.190.204
2025-11-05T19:46:09.860Z In(05) vmx IP=192.168.58.1
2025-11-05T19:46:09.860Z In(05) vmx IP=192.168.195.1
2025-11-05T19:46:09.894Z In(05) vmx System uptime 637050643857 us
2025-11-05T19:46:09.894Z In(05) vmx Command line: "C:\Program Files (x86)\VMware\VMware Workstation\x64\vmware-vmx.exe" "-T" "querytoken" "-s" "vmx.stdio.keep=TRUE" "-#" "product=1;name=VMware Workstation;version=17.6.4;buildnumber=24832109;licensename=VMware Workstation;licenseversion=17.0;" "-@" "pipe=\\.\pipe\vmx6c66a276bfcb54bb;msgs=ui" "C:\Users\NARUTO1\GNS3\projects\holy_project\project-files\vmware\9b45566c-e1a2-4e25-a626-55630a1784bc\WindowsServer2019-1.vmx"
2025-11-05T19:46:09.894Z In(05) vmx Msg_SetLocaleEx: HostLocale=windows-1252 UserLocale=NULL
2025-11-05T19:46:09.915Z In(05) vmx WQPoolAllocPoll : pollIx = 1, signalHandle = 848
2025-11-05T19:46:09.915Z In(05) vmx WQPoolAllocPoll : pollIx = 2, signalHandle = 856
2025-11-05T19:46:09.915Z In(05) vmx VigorTransport listening on fd 896
2025-11-05T19:46:09.915Z In(05) vmx Vigor_Init 1
2025-11-05T19:46:09.915Z In(05) vmx Connecting 'ui' to pipe '\\.\pipe\vmx6c66a276bfcb54bb' with user '(null)'
2025-11-05T19:46:09.915Z In(05) vmx VMXVmdb: Local connection timeout: 60000 ms.
2025-11-05T19:46:09.926Z In(05) vmx VmdbAddConnection: cnxPath=/db/connection/#1/, cnxIx=1
2025-11-05T19:46:09.927Z In(05) vmx Vix: [mainDispatch.c:489]: VMAutomation: Initializing VMAutomation.
2025-11-05T19:46:09.927Z In(05) vmx Vix: [mainDispatch.c:741]: VMAutomationOpenListenerSocket() listening
2025-11-05T19:46:09.932Z In(05) vmx Vix: [mainDispatch.c:4213]: VMAutomation_ReportPowerOpFinished: statevar=0, newAppState=1870, success=1 additionalError=0
2025-11-05T19:46:09.932Z In(05) vmx Transitioned vmx/execState/val to poweredOff
2025-11-05T19:46:09.932Z In(05) vmx Vix: [mainDispatch.c:4213]: VMAutomation_ReportPowerOpFinished: statevar=1, newAppState=1873, success=1 additionalError=0
2025-11-05T19:46:09.932Z In(05) vmx Vix: [mainDispatch.c:4213]: VMAutomation_ReportPowerOpFinished: statevar=2, newAppState=1877, success=1 additionalError=0
2025-11-05T19:46:09.932Z In(05) vmx Vix: [mainDispatch.c:4213]: VMAutomation_ReportPowerOpFinished: statevar=3, newAppState=1881, success=1 additionalError=0
2025-11-05T19:46:09.961Z In(05) vmx IOPL_VBSRunning: VBS is set to 0
2025-11-05T19:46:09.961Z In(05) vmx IOCTL_VMX86_SET_MEMORY_PARAMS already set
2025-11-05T19:46:09.962Z In(05) vmx FeatureCompat: No EVC masks.
2025-11-05T19:46:09.968Z In(05) vmx hostCPUID vendor: GenuineIntel
2025-11-05T19:46:09.968Z In(05) vmx hostCPUID family: 0x6 model: 0xa5 stepping: 0x2
2025-11-05T19:46:09.968Z In(05) vmx hostCPUID codename: Comet Lake S
2025-11-05T19:46:09.968Z In(05) vmx hostCPUID name: Intel(R) Core(TM) i7-10750H CPU @ 2.60GHz
2025-11-05T19:46:09.968Z In(05) vmx hostCPUID level 00000000, 0: 0x00000016 0x756e6547 0x6c65746e 0x49656e69
2025-11-05T19:46:09.968Z In(05) vmx hostCPUID level 00000001, 0: 0x000a0652 0x00100800 0x7ffafbbf 0xbfebfbff
2025-11-05T19:46:09.968Z In(05) vmx hostCPUID level 00000002, 0: 0x76036301 0x00f0b5ff 0x00000000 0x00c30000
2025-11-05T19:46:09.968Z In(05) vmx hostCPUID level 00000003, 0: 0x00000000 0x00000000 0x00000000 0x00000000
2025-11-05T19:46:09.968Z In(05) vmx hostCPUID level 00000004, 0: 0x1c004121 0x01c0003f 0x0000003f 0x00000000
2025-11-05T19:46:09.968Z In(05) vmx hostCPUID level 00000004, 1: 0x1c004122 0x01c0003f 0x0000003f 0x00000000
2025-11-05T19:46:09.968Z In(05) vmx hostCPUID level 00000004, 2: 0x1c004143 0x00c0003f 0x000003ff 0x00000000
2025-11-05T19:46:09.968Z In(05) vmx hostCPUID level 00000004, 3: 0x1c03c163 0x03c0003f 0x00002fff 0x00000006
2025-11-05T19:46:09.968Z In(05) vmx hostCPUID level 00000004, 4: 0x00000000 0x00000000 0x00000000 0x00000000
2025-11-05T19:46:09.968Z In(05) vmx hostCPUID level 00000005, 0: 0x00000040 0x00000040 0x00000003 0x11142120
2025-11-05T19:46:09.968Z In(05) vmx hostCPUID level 00000006, 0: 0x000027f7 0x00000002 0x00000009 0x00000000
2025-11-05T19:46:09.968Z In(05) vmx hostCPUID level 00000007, 0: 0x00000000 0x029c67af 0x40000008 0xbc000600
2025-11-05T19:46:09.968Z In(05) vmx hostCPUID level 00000008, 0: 0x00000000 0x00000000 0x00000000 0x00000000
2025-11-05T19:46:09.968Z In(05) vmx hostCPUID level 00000009, 0: 0x00000000 0x00000000 0x00000000 0x00000000
2025-11-05T19:46:09.968Z In(05) vmx hostCPUID level 0000000a, 0: 0x07300404 0x00000000 0x00000000 0x00000603
2025-11-05T19:46:09.968Z In(05) vmx hostCPUID level 0000000b, 0: 0x00000001 0x00000002 0x00000100 0x00000000
2025-11-05T19:46:09.968Z In(05) vmx hostCPUID level 0000000b, 1: 0x00000004 0x0000000c 0x00000201 0x00000000
2025-11-05T19:46:09.968Z In(05) vmx hostCPUID level 0000000b, 2: 0x00000000 0x00000000 0x00000002 0x00000000
2025-11-05T19:46:09.968Z In(05) vmx hostCPUID level 0000000c, 0: 0x00000000 0x00000000 0x00000000 0x00000000
2025-11-05T19:46:09.968Z In(05) vmx hostCPUID level 0000000d, 0: 0x0000021f 0x00000440 0x00000a88 0x00000000
2025-11-05T19:46:09.968Z In(05) vmx hostCPUID level 0000000d, 1: 0x0000000f 0x00000440 0x00000100 0x00000000
2025-11-05T19:46:09.968Z In(05) vmx hostCPUID level 0000000d, 2: 0x00000100 0x00000240 0x00000000 0x00000000
2025-11-05T19:46:09.968Z In(05) vmx hostCPUID level 0000000d, 3: 0x00000040 0x000003c0 0x00000000 0x00000000
2025-11-05T19:46:09.968Z In(05) vmx hostCPUID level 0000000d, 4: 0x00000040 0x00000400 0x00000000 0x00000000
2025-11-05T19:46:09.968Z In(05) vmx hostCPUID level 0000000d, 5: 0x00000000 0x00000000 0x00000000 0x00000000
2025-11-05T19:46:09.968Z In(05) vmx hostCPUID level 0000000d, 6: 0x00000000 0x00000000 0x00000000 0x00000000
2025-11-05T19:46:09.968Z In(05) vmx hostCPUID level 0000000d, 7: 0x00000000 0x00000000 0x00000000 0x00000000
2025-11-05T19:46:09.968Z In(05) vmx hostCPUID level 0000000d, 8: 0x00000080 0x00000000 0x00000001 0x00000000
2025-11-05T19:46:09.968Z In(05) vmx hostCPUID level 0000000d, 9: 0x00000008 0x00000a80 0x00000000 0x00000000
2025-11-05T19:46:09.968Z In(05) vmx hostCPUID level 0000000e, 0: 0x00000000 0x00000000 0x00000000 0x00000000
2025-11-05T19:46:09.968Z In(05) vmx hostCPUID level 0000000f, 0: 0x00000000 0x00000000 0x00000000 0x00000000
2025-11-05T19:46:09.968Z In(05) vmx hostCPUID level 0000000f, 1: 0x00000000 0x00000000 0x00000000 0x00000000
2025-11-05T19:46:09.968Z In(05) vmx hostCPUID level 00000010, 0: 0x00000000 0x00000000 0x00000000 0x00000000
2025-11-05T19:46:09.968Z In(05) vmx hostCPUID level 00000010, 1: 0x00000000 0x00000000 0x00000000 0x00000000
2025-11-05T19:46:09.968Z In(05) vmx hostCPUID level 00000010, 2: 0x00000000 0x00000000 0x00000000 0x00000000
2025-11-05T19:46:09.968Z In(05) vmx hostCPUID level 00000010, 3: 0x00000000 0x00000000 0x00000000 0x00000000
2025-11-05T19:46:09.968Z In(05) vmx hostCPUID level 00000011, 0: 0x00000000 0x00000000 0x00000000 0x00000000
2025-11-05T19:46:09.968Z In(05) vmx hostCPUID level 00000012, 0: 0x00000000 0x00000000 0x00000000 0x00000000
2025-11-05T19:46:09.968Z In(05) vmx hostCPUID level 00000012, 1: 0x00000000 0x00000000 0x00000000 0x00000000
2025-11-05T19:46:09.968Z In(05) vmx hostCPUID level 00000012, 2: 0x00000000 0x00000000 0x00000000 0x00000000
2025-11-05T19:46:09.968Z In(05) vmx hostCPUID level 00000012, 3: 0x00000000 0x00000000 0x00000000 0x00000000
2025-11-05T19:46:09.968Z In(05) vmx hostCPUID level 00000013, 0: 0x00000000 0x00000000 0x00000000 0x00000000
2025-11-05T19:46:09.968Z In(05) vmx hostCPUID level 00000014, 0: 0x00000001 0x0000000f 0x00000007 0x00000000
2025-11-05T19:46:09.968Z In(05) vmx hostCPUID level 00000014, 1: 0x02490002 0x003f3fff 0x00000000 0x00000000
2025-11-05T19:46:09.968Z In(05) vmx hostCPUID level 00000015, 0: 0x00000002 0x000000d8 0x00000000 0x00000000
2025-11-05T19:46:09.968Z In(05) vmx hostCPUID level 00000016, 0: 0x00000a28 0x00001388 0x00000064 0x00000000
2025-11-05T19:46:09.968Z In(05) vmx hostCPUID level 80000000, 0: 0x80000008 0x00000000 0x00000000 0x00000000
2025-11-05T19:46:09.968Z In(05) vmx hostCPUID level 80000001, 0: 0x00000000 0x00000000 0x00000121 0x2c100800
2025-11-05T19:46:09.968Z In(05) vmx hostCPUID level 80000002, 0: 0x65746e49 0x2952286c 0x726f4320 0x4d542865
2025-11-05T19:46:09.968Z In(05) vmx hostCPUID level 80000003, 0: 0x37692029 0x3730312d 0x20483035 0x20555043
2025-11-05T19:46:09.968Z In(05) vmx hostCPUID level 80000004, 0: 0x2e322040 0x48473036 0x0000007a 0x00000000
2025-11-05T19:46:09.968Z In(05) vmx hostCPUID level 80000005, 0: 0x00000000 0x00000000 0x00000000 0x00000000
2025-11-05T19:46:09.968Z In(05) vmx hostCPUID level 80000006, 0: 0x00000000 0x00000000 0x01006040 0x00000000
2025-11-05T19:46:09.968Z In(05) vmx hostCPUID level 80000007, 0: 0x00000000 0x00000000 0x00000000 0x00000100
2025-11-05T19:46:09.968Z In(05) vmx hostCPUID level 80000008, 0: 0x00003027 0x00000000 0x00000000 0x00000000
2025-11-05T19:46:09.968Z In(05) vmx CPUID differences from hostCPUID.
2025-11-05T19:46:09.968Z In(05) vmx Physical APIC IDs: 0-11
2025-11-05T19:46:09.969Z In(05) vmx Physical X2APIC IDs: 0-11
2025-11-05T19:46:09.969Z In(05) vmx Common: MSR       0x3a =            0x20005
2025-11-05T19:46:09.969Z In(05) vmx Common: MSR      0x480 =   0xda040000000004
2025-11-05T19:46:09.969Z In(05) vmx Common: MSR      0x481 =       0xff00000016
2025-11-05T19:46:09.969Z In(05) vmx Common: MSR      0x482 = 0xfff9fffe0401e172
2025-11-05T19:46:09.969Z In(05) vmx Common: MSR      0x483 =  0x1ffffff00036dff
2025-11-05T19:46:09.969Z In(05) vmx Common: MSR      0x484 =    0x3ffff000011ff
2025-11-05T19:46:09.969Z In(05) vmx Common: MSR      0x485 =         0x7004c1e7
2025-11-05T19:46:09.969Z In(05) vmx Common: MSR      0x486 =         0x80000021
2025-11-05T19:46:09.969Z In(05) vmx Common: MSR      0x487 =         0xffffffff
2025-11-05T19:46:09.969Z In(05) vmx Common: MSR      0x488 =             0x2000
2025-11-05T19:46:09.969Z In(05) vmx Common: MSR      0x489 =           0x7727ff
2025-11-05T19:46:09.969Z In(05) vmx Common: MSR      0x48a =               0x2e
2025-11-05T19:46:09.969Z In(05) vmx Common: MSR      0x48b =   0x5fbfff00000000
2025-11-05T19:46:09.969Z In(05) vmx Common: MSR      0x48c =      0xf0106734141
2025-11-05T19:46:09.969Z In(05) vmx Common: MSR      0x48d =       0xff00000016
2025-11-05T19:46:09.969Z In(05) vmx Common: MSR      0x48e = 0xfff9fffe04006172
2025-11-05T19:46:09.969Z In(05) vmx Common: MSR      0x48f =  0x1ffffff00036dfb
2025-11-05T19:46:09.969Z In(05) vmx Common: MSR      0x490 =    0x3ffff000011fb
2025-11-05T19:46:09.969Z In(05) vmx Common: MSR      0x491 =                0x1
2025-11-05T19:46:09.969Z In(05) vmx Common: MSR      0x492 =                  0
2025-11-05T19:46:09.969Z In(05) vmx Common: MSR      0x493 =                  0
2025-11-05T19:46:09.969Z In(05) vmx Common: MSR 0xc0010114 =                  0
2025-11-05T19:46:09.969Z In(05) vmx Common: MSR       0xce =         0x80000000
2025-11-05T19:46:09.969Z In(05) vmx Common: MSR      0x10a =          0xa0a0c2b
2025-11-05T19:46:09.969Z In(05) vmx Common: MSR      0x122 =                  0
2025-11-05T19:46:09.969Z In(05) vmx VMMon_GetkHzEstimate: Calculated 2592003 kHz
2025-11-05T19:46:09.969Z In(05) vmx TSC Hz estimates: vmmon 2592003000, remembered 0, osReported 2592000000. Using 2592003000 Hz.
2025-11-05T19:46:09.969Z In(05) vmx TSC first measured delta 224
2025-11-05T19:46:09.969Z In(05) vmx TSC min delta 223
2025-11-05T19:46:09.969Z In(05) vmx PTSC: RefClockToPTSC 0 @ 10000000Hz -> 0 @ 2592003000Hz
2025-11-05T19:46:09.969Z In(05) vmx PTSC: RefClockToPTSC ((x * 2174329710) >> 23) + -617137032432863
2025-11-05T19:46:09.969Z In(05) vmx PTSC: tscOffset -618283268779714
2025-11-05T19:46:09.969Z In(05) vmx PTSC: using TSC
2025-11-05T19:46:09.969Z In(05) vmx PTSC: hardware TSCs are synchronized.
2025-11-05T19:46:09.969Z In(05) vmx PTSC: hardware TSCs may have been adjusted by the host.
2025-11-05T19:46:09.969Z In(05) vmx PTSC: current PTSC=1250439050804
2025-11-05T19:46:09.977Z In(05) vmx WQPoolAllocPoll : pollIx = 3, signalHandle = 1140
2025-11-05T19:46:10.004Z In(05) vmx ConfigCheck: No rules file found. Checks are disabled.
2025-11-05T19:46:10.004Z In(05) vmx changing directory to C:\Users\NARUTO1\GNS3\projects\holy_project\project-files\vmware\9b45566c-e1a2-4e25-a626-55630a1784bc\.
2025-11-05T19:46:10.005Z In(05) vmx Config file: C:\Users\NARUTO1\GNS3\projects\holy_project\project-files\vmware\9b45566c-e1a2-4e25-a626-55630a1784bc\WindowsServer2019-1.vmx
2025-11-05T19:46:10.005Z In(05) vmx Vix: [mainDispatch.c:4213]: VMAutomation_ReportPowerOpFinished: statevar=1, newAppState=1873, success=1 additionalError=0
2025-11-05T19:46:10.005Z In(05) vmx Vix: [mainDispatch.c:4213]: VMAutomation_ReportPowerOpFinished: statevar=2, newAppState=1878, success=1 additionalError=0
2025-11-05T19:46:10.006Z In(05) vmx LogRotation: Rotating to a new log file (keepOld 3) took 0.000073 seconds.
2025-11-05T19:46:10.015Z No(00) vmx LogVMXReplace: Successful switching from temporary to permanent log file took 0.009426 seconds.
2025-11-05T19:46:10.035Z No(00) vmx ConfigDB: Unsetting "inVMTeam"
2025-11-05T19:46:10.055Z Wa(03) vmx PowerOn
2025-11-05T19:46:10.055Z In(05) vmx VMX_PowerOn: VMX build 24832109, UI build 24832109
2025-11-05T19:46:10.055Z In(05) vmx HostWin32: WIN32 NUMA node 0, CPU mask 0x0000000000000fff
2025-11-05T19:46:10.061Z In(05) vmx Vix: [mainDispatch.c:4213]: VMAutomation_ReportPowerOpFinished: statevar=0, newAppState=1871, success=1 additionalError=0
2025-11-05T19:46:10.062Z In(05) vmx STATSFILE: StatsFile 'C:\Users\NARUTO1\GNS3\projects\holy_project\project-files\vmware\9b45566c-e1a2-4e25-a626-55630a1784bc\Windows Server 2019.scoreboard' created
2025-11-05T19:46:10.063Z In(05) vmx HOST Windows version 10.0, build 26100, platform 2, ""
2025-11-05T19:46:10.063Z In(05) vmx DICT --- GLOBAL SETTINGS C:\ProgramData\VMware\VMware Workstation\settings.ini
2025-11-05T19:46:10.063Z In(05) vmx DICT          printers.enabled = "FALSE"
2025-11-05T19:46:10.063Z In(05) vmx DICT --- NON PERSISTENT (null)
2025-11-05T19:46:10.063Z In(05) vmx DICT --- USER PREFERENCES C:\Users\NARUTO1\AppData\Roaming\VMware\preferences.ini
2025-11-05T19:46:10.063Z In(05) vmx DICT pref.keyboardAndMouse.vmHotKey.enabled = "FALSE"
2025-11-05T19:46:10.063Z In(05) vmx DICT pref.keyboardAndMouse.vmHotKey.count = "0"
2025-11-05T19:46:10.063Z In(05) vmx DICT pref.vmplayer.firstRunDismissedVersion = "17.5.0"
2025-11-05T19:46:10.063Z In(05) vmx DICT   pref.lastUpdateCheckSec = "1762371486"
2025-11-05T19:46:10.063Z In(05) vmx DICT vmWizard.isoLocationMRU.count = "3"
2025-11-05T19:46:10.063Z In(05) vmx DICT vmWizard.isoLocationMRU0.location = "D:\systems\Windows.iso"
2025-11-05T19:46:10.063Z In(05) vmx DICT         vmWizard.guestKey = "windows9-64"
2025-11-05T19:46:10.063Z In(05) vmx DICT vmWizard.installMediaType = "later"
2025-11-05T19:46:10.063Z In(05) vmx DICT      pref.mruVM0.filename = "D:\Virtual Machines\Windows Server 2019\Windows Server 2019.vmx"
2025-11-05T19:46:10.063Z In(05) vmx DICT   pref.mruVM0.displayName = "Windows Server 2019"
2025-11-05T19:46:10.063Z In(05) vmx DICT         pref.mruVM0.index = "0"
2025-11-05T19:46:10.063Z In(05) vmx DICT             hints.hideAll = "FALSE"
2025-11-05T19:46:10.063Z In(05) vmx DICT vmWizard.isoLocationMRU1.location = "D:\systems\kali-linux-2023.4-installer-amd64.iso"
2025-11-05T19:46:10.063Z In(05) vmx DICT      pref.mruVM1.filename = "D:\Virtual Machines\Windows 10.vmx"
2025-11-05T19:46:10.063Z In(05) vmx DICT   pref.mruVM1.displayName = "Windows 10"
2025-11-05T19:46:10.063Z In(05) vmx DICT         pref.mruVM1.index = "1"
2025-11-05T19:46:10.063Z In(05) vmx DICT vmWizard.isoLocationMRU2.location = "D:\systems\17763.3650.221105-1748.rs5_release_svc_refresh_SERVER_EVAL_x64FRE_en-us.iso"
2025-11-05T19:46:10.063Z In(05) vmx DICT pref.vmplayer.fullscreen.autohide = "FALSE"
2025-11-05T19:46:10.063Z In(05) vmx DICT      pref.mruVM2.filename = "D:\Virtual Machines\linux\Linux.vmx"
2025-11-05T19:46:10.063Z In(05) vmx DICT   pref.mruVM2.displayName = "Linux"
2025-11-05T19:46:10.063Z In(05) vmx DICT         pref.mruVM2.index = "2"
2025-11-05T19:46:10.063Z In(05) vmx DICT      pref.mruVM3.filename = "D:\Virtual Machines\EVE.vmx"
2025-11-05T19:46:10.063Z In(05) vmx DICT   pref.mruVM3.displayName = "EVE"
2025-11-05T19:46:10.063Z In(05) vmx DICT         pref.mruVM3.index = "3"
2025-11-05T19:46:10.063Z In(05) vmx DICT pref.updatesVersionIgnore.numItems = "1"
2025-11-05T19:46:10.063Z In(05) vmx DICT pref.updatesVersionIgnore0.key = <not printed>
2025-11-05T19:46:10.063Z In(05) vmx DICT pref.updatesVersionIgnore0.value = "0814de34-a75e-40b9-88e7-a64934891263"
2025-11-05T19:46:10.063Z In(05) vmx DICT hint.loader.mitigations.wsAndFusion = "FALSE"
2025-11-05T19:46:10.063Z In(05) vmx DICT  hint.vmui.showNewUSBDevs = "FALSE"
2025-11-05T19:46:10.063Z In(05) vmx DICT pref.vmplayer.deviceBarToplevel = "TRUE"
2025-11-05T19:46:10.063Z In(05) vmx DICT pref.ws.session.window.count = "1"
2025-11-05T19:46:10.063Z In(05) vmx DICT pref.ws.session.window0.tab.count = "1"
2025-11-05T19:46:10.063Z In(05) vmx DICT pref.ws.session.window0.tab0.dest = ""
2025-11-05T19:46:10.063Z In(05) vmx DICT pref.ws.session.window0.tab0.file = ""
2025-11-05T19:46:10.063Z In(05) vmx DICT pref.ws.session.window0.tab0.type = "home"
2025-11-05T19:46:10.063Z In(05) vmx DICT pref.ws.session.window0.tab0.cnxType = "vmdb"
2025-11-05T19:46:10.063Z In(05) vmx DICT pref.ws.session.window0.tab0.focused = "TRUE"
2025-11-05T19:46:10.063Z In(05) vmx DICT pref.ws.session.window0.sidebar = "TRUE"
2025-11-05T19:46:10.063Z In(05) vmx DICT pref.ws.session.window0.sidebar.width = "261"
2025-11-05T19:46:10.063Z In(05) vmx DICT pref.ws.session.window0.statusBar = "TRUE"
2025-11-05T19:46:10.063Z In(05) vmx DICT pref.ws.session.window0.tabs = "TRUE"
2025-11-05T19:46:10.063Z In(05) vmx DICT pref.ws.session.window0.thumbnailBar = "FALSE"
2025-11-05T19:46:10.063Z In(05) vmx DICT pref.ws.session.window0.thumbnailBar.size = "125"
2025-11-05T19:46:10.063Z In(05) vmx DICT pref.ws.session.window0.thumbnailBar.view = "same-folder"
2025-11-05T19:46:10.063Z In(05) vmx DICT pref.ws.session.window0.placement.left = "277"
2025-11-05T19:46:10.063Z In(05) vmx DICT pref.ws.session.window0.placement.top = "117"
2025-11-05T19:46:10.063Z In(05) vmx DICT pref.ws.session.window0.placement.right = "1566"
2025-11-05T19:46:10.063Z In(05) vmx DICT pref.ws.session.window0.placement.bottom = "1028"
2025-11-05T19:46:10.063Z In(05) vmx DICT pref.ws.session.window0.maximized = "FALSE"
2025-11-05T19:46:10.063Z In(05) vmx DICT pref.ws.session.window0.tab1.cnxType = "vmdb"
2025-11-05T19:46:10.063Z In(05) vmx DICT pref.ws.session.window0.tab2.cnxType = "vmdb"
2025-11-05T19:46:10.063Z In(05) vmx DICT pref.ws.session.window0.tab3.cnxType = "vmdb"
2025-11-05T19:46:10.063Z In(05) vmx DICT --- USER DEFAULTS C:\Users\NARUTO1\AppData\Roaming\VMware\config.ini
2025-11-05T19:46:10.063Z In(05) vmx DICT --- HOST DEFAULTS C:\ProgramData\VMware\VMware Workstation\config.ini
2025-11-05T19:46:10.063Z In(05) vmx DICT installerDefaults.simplifiedUI = "no"
2025-11-05T19:46:10.063Z In(05) vmx DICT         authd.client.port = "903"
2025-11-05T19:46:10.063Z In(05) vmx DICT           authd.proxy.nfc = "vmware-hostd:ha-nfc"
2025-11-05T19:46:10.063Z In(05) vmx DICT installerDefaults.autoSoftwareUpdateEnabled = "yes"
2025-11-05T19:46:10.063Z In(05) vmx DICT installerDefaults.autoSoftwareUpdateEnabled.epoch = "1196"
2025-11-05T19:46:10.063Z In(05) vmx DICT installerDefaults.componentDownloadEnabled = "yes"
2025-11-05T19:46:10.063Z In(05) vmx DICT installerDefaults.dataCollectionEnabled = "yes"
2025-11-05T19:46:10.063Z In(05) vmx DICT installerDefaults.dataCollectionEnabled.epoch = "1196"
2025-11-05T19:46:10.063Z In(05) vmx DICT --- SITE DEFAULTS C:\ProgramData\VMware\VMware Workstation\config.ini
2025-11-05T19:46:10.063Z In(05) vmx DICT installerDefaults.simplifiedUI = "no"
2025-11-05T19:46:10.063Z In(05) vmx DICT         authd.client.port = "903"
2025-11-05T19:46:10.063Z In(05) vmx DICT           authd.proxy.nfc = "vmware-hostd:ha-nfc"
2025-11-05T19:46:10.063Z In(05) vmx DICT installerDefaults.autoSoftwareUpdateEnabled = "yes"
2025-11-05T19:46:10.063Z In(05) vmx DICT installerDefaults.autoSoftwareUpdateEnabled.epoch = "1196"
2025-11-05T19:46:10.063Z In(05) vmx DICT installerDefaults.componentDownloadEnabled = "yes"
2025-11-05T19:46:10.063Z In(05) vmx DICT installerDefaults.dataCollectionEnabled = "yes"
2025-11-05T19:46:10.063Z In(05) vmx DICT installerDefaults.dataCollectionEnabled.epoch = "1196"
2025-11-05T19:46:10.063Z In(05) vmx DICT --- NONPERSISTENT
2025-11-05T19:46:10.063Z In(05) vmx DICT            vmx.stdio.keep = "TRUE"
2025-11-05T19:46:10.063Z In(05) vmx DICT             gui.available = "TRUE"
2025-11-05T19:46:10.063Z In(05) vmx DICT --- COMMAND LINE
2025-11-05T19:46:10.063Z In(05) vmx DICT            vmx.stdio.keep = "TRUE"
2025-11-05T19:46:10.063Z In(05) vmx DICT             gui.available = "TRUE"
2025-11-05T19:46:10.063Z In(05) vmx DICT --- RECORDING
2025-11-05T19:46:10.063Z In(05) vmx DICT            vmx.stdio.keep = "TRUE"
2025-11-05T19:46:10.063Z In(05) vmx DICT             gui.available = "TRUE"
2025-11-05T19:46:10.063Z In(05) vmx DICT --- CONFIGURATION C:\Users\NARUTO1\GNS3\projects\holy_project\project-files\vmware\9b45566c-e1a2-4e25-a626-55630a1784bc\WindowsServer2019-1.vmx 
2025-11-05T19:46:10.063Z In(05) vmx DICT               displayname = "WindowsServer2019-1"
2025-11-05T19:46:10.063Z In(05) vmx DICT            config.version = "8"
2025-11-05T19:46:10.063Z In(05) vmx DICT         virtualhw.version = "21"
2025-11-05T19:46:10.063Z In(05) vmx DICT        pcibridge0.present = "TRUE"
2025-11-05T19:46:10.063Z In(05) vmx DICT        pcibridge4.present = "TRUE"
2025-11-05T19:46:10.063Z In(05) vmx DICT     pcibridge4.virtualdev = "pcieRootPort"
2025-11-05T19:46:10.063Z In(05) vmx DICT      pcibridge4.functions = "8"
2025-11-05T19:46:10.063Z In(05) vmx DICT        pcibridge5.present = "TRUE"
2025-11-05T19:46:10.063Z In(05) vmx DICT     pcibridge5.virtualdev = "pcieRootPort"
2025-11-05T19:46:10.063Z In(05) vmx DICT      pcibridge5.functions = "8"
2025-11-05T19:46:10.063Z In(05) vmx DICT        pcibridge6.present = "TRUE"
2025-11-05T19:46:10.063Z In(05) vmx DICT     pcibridge6.virtualdev = "pcieRootPort"
2025-11-05T19:46:10.063Z In(05) vmx DICT      pcibridge6.functions = "8"
2025-11-05T19:46:10.063Z In(05) vmx DICT        pcibridge7.present = "TRUE"
2025-11-05T19:46:10.063Z In(05) vmx DICT     pcibridge7.virtualdev = "pcieRootPort"
2025-11-05T19:46:10.064Z In(05) vmx DICT      pcibridge7.functions = "8"
2025-11-05T19:46:10.064Z In(05) vmx DICT             vmci0.present = "TRUE"
2025-11-05T19:46:10.064Z In(05) vmx DICT             hpet0.present = "TRUE"
2025-11-05T19:46:10.064Z In(05) vmx DICT                     nvram = "WindowsServer2019-1.nvram"
2025-11-05T19:46:10.064Z In(05) vmx DICT virtualhw.productcompatibility = "hosted"
2025-11-05T19:46:10.064Z In(05) vmx DICT        powertype.poweroff = "soft"
2025-11-05T19:46:10.064Z In(05) vmx DICT         powertype.poweron = "soft"
2025-11-05T19:46:10.064Z In(05) vmx DICT         powertype.suspend = "soft"
2025-11-05T19:46:10.064Z In(05) vmx DICT           powertype.reset = "soft"
2025-11-05T19:46:10.064Z In(05) vmx DICT                  firmware = "efi"
2025-11-05T19:46:10.064Z In(05) vmx DICT                   guestos = "windows2019srv-64"
2025-11-05T19:46:10.064Z In(05) vmx DICT            tools.synctime = "FALSE"
2025-11-05T19:46:10.064Z In(05) vmx DICT          sound.autodetect = "TRUE"
2025-11-05T19:46:10.064Z In(05) vmx DICT          sound.virtualdev = "hdaudio"
2025-11-05T19:46:10.064Z In(05) vmx DICT            sound.filename = "-1"
2025-11-05T19:46:10.064Z In(05) vmx DICT             sound.present = "TRUE"
2025-11-05T19:46:10.064Z In(05) vmx DICT                  numvcpus = "2"
2025-11-05T19:46:10.064Z In(05) vmx DICT      cpuid.corespersocket = "1"
2025-11-05T19:46:10.064Z In(05) vmx DICT               vcpu.hotadd = "TRUE"
2025-11-05T19:46:10.064Z In(05) vmx DICT                   memsize = "2048"
2025-11-05T19:46:10.064Z In(05) vmx DICT                mem.hotadd = "TRUE"
2025-11-05T19:46:10.064Z In(05) vmx DICT             sata0.present = "TRUE"
2025-11-05T19:46:10.064Z In(05) vmx DICT             nvme0.present = "TRUE"
2025-11-05T19:46:10.064Z In(05) vmx DICT          nvme0:0.filename = "Windows Server 2019-cl1.vmdk"
2025-11-05T19:46:10.064Z In(05) vmx DICT           nvme0:0.present = "TRUE"
2025-11-05T19:46:10.064Z In(05) vmx DICT        sata0:1.devicetype = "cdrom-image"
2025-11-05T19:46:10.064Z In(05) vmx DICT          sata0:1.filename = "D:\systems\17763.3650.221105-1748.rs5_release_svc_refresh_SERVER_EVAL_x64FRE_en-us.iso"
2025-11-05T19:46:10.064Z In(05) vmx DICT           sata0:1.present = "TRUE"
2025-11-05T19:46:10.064Z In(05) vmx DICT               usb.present = "TRUE"
2025-11-05T19:46:10.064Z In(05) vmx DICT              ehci.present = "TRUE"
2025-11-05T19:46:10.064Z In(05) vmx DICT          usb_xhci.present = "TRUE"
2025-11-05T19:46:10.064Z In(05) vmx DICT     ethernet0.addresstype = "generated"
2025-11-05T19:46:10.064Z In(05) vmx DICT      ethernet0.virtualdev = "e1000"
2025-11-05T19:46:10.064Z In(05) vmx DICT         ethernet0.present = "TRUE"
2025-11-05T19:46:10.064Z In(05) vmx DICT        extendedconfigfile = "WindowsServer2019-1.vmxf"
2025-11-05T19:46:10.064Z In(05) vmx DICT           floppy0.present = "FALSE"
2025-11-05T19:46:10.064Z In(05) vmx DICT         vmxstats.filename = "Windows Server 2019.scoreboard"
2025-11-05T19:46:10.064Z In(05) vmx DICT                 uuid.bios = ""
2025-11-05T19:46:10.064Z In(05) vmx DICT             uuid.location = ""
2025-11-05T19:46:10.064Z In(05) vmx DICT  pcibridge0.pcislotnumber = "17"
2025-11-05T19:46:10.064Z In(05) vmx DICT  pcibridge4.pcislotnumber = "21"
2025-11-05T19:46:10.064Z In(05) vmx DICT  pcibridge5.pcislotnumber = "22"
2025-11-05T19:46:10.064Z In(05) vmx DICT  pcibridge6.pcislotnumber = "23"
2025-11-05T19:46:10.064Z In(05) vmx DICT  pcibridge7.pcislotnumber = "24"
2025-11-05T19:46:10.064Z In(05) vmx DICT         usb.pcislotnumber = "32"
2025-11-05T19:46:10.064Z In(05) vmx DICT   ethernet0.pcislotnumber = "160"
2025-11-05T19:46:10.064Z In(05) vmx DICT       sound.pcislotnumber = "33"
2025-11-05T19:46:10.064Z In(05) vmx DICT        ehci.pcislotnumber = "34"
2025-11-05T19:46:10.064Z In(05) vmx DICT    usb_xhci.pcislotnumber = "192"
2025-11-05T19:46:10.064Z In(05) vmx DICT       sata0.pcislotnumber = "35"
2025-11-05T19:46:10.064Z In(05) vmx DICT       nvme0.pcislotnumber = "224"
2025-11-05T19:46:10.064Z In(05) vmx DICT              nvme0:0.redo = ""
2025-11-05T19:46:10.064Z In(05) vmx DICT             svga.vramsize = "268435456"
2025-11-05T19:46:10.064Z In(05) vmx DICT  vmotion.checkpointfbsize = "134217728"
2025-11-05T19:46:10.064Z In(05) vmx DICT vmotion.checkpointsvgaprimarysize = "268435456"
2025-11-05T19:46:10.064Z In(05) vmx DICT   vmotion.svga.mobmaxsize = "268435456"
2025-11-05T19:46:10.064Z In(05) vmx DICT vmotion.svga.graphicsmemorykb = "262144"
2025-11-05T19:46:10.064Z In(05) vmx DICT ethernet0.generatedaddress = "00:0C:29:C6:28:28"
2025-11-05T19:46:10.064Z In(05) vmx DICT ethernet0.generatedaddressoffset = "0"
2025-11-05T19:46:10.064Z In(05) vmx DICT                  vmci0.id = "-406443992"
2025-11-05T19:46:10.064Z In(05) vmx DICT    monitor.phys_bits_used = "45"
2025-11-05T19:46:10.064Z In(05) vmx DICT             cleanshutdown = "TRUE"
2025-11-05T19:46:10.064Z In(05) vmx DICT              softpoweroff = "TRUE"
2025-11-05T19:46:10.064Z In(05) vmx DICT        usb_xhci:4.present = "TRUE"
2025-11-05T19:46:10.064Z In(05) vmx DICT     usb_xhci:4.devicetype = "hid"
2025-11-05T19:46:10.064Z In(05) vmx DICT           usb_xhci:4.port = "4"
2025-11-05T19:46:10.064Z In(05) vmx DICT         usb_xhci:4.parent = "-1"
2025-11-05T19:46:10.064Z In(05) vmx DICT       tools.remindinstall = "TRUE"
2025-11-05T19:46:10.064Z In(05) vmx DICT            filesearchpath = ".;D:\VM -PRO\WIN-SERIVER2019"
2025-11-05T19:46:10.064Z In(05) vmx DICT                   vc.uuid = ""
2025-11-05T19:46:10.064Z In(05) vmx DICT          policy.vm.mvmtid = ""
2025-11-05T19:46:10.064Z In(05) vmx DICT  ethernet0.connectiontype = "custom"
2025-11-05T19:46:10.064Z In(05) vmx DICT            ethernet0.vnet = "VMnet2"
2025-11-05T19:46:10.064Z In(05) vmx DICT           serial0.present = "TRUE"
2025-11-05T19:46:10.064Z In(05) vmx DICT          serial0.filetype = "pipe"
2025-11-05T19:46:10.064Z In(05) vmx DICT          serial0.filename = "\\.\pipe\gns3_vmware\9b45566c-e1a2-4e25-a626-55630a1784bc"
2025-11-05T19:46:10.064Z In(05) vmx DICT     serial0.pipe.endpoint = "server"
2025-11-05T19:46:10.064Z In(05) vmx DICT    serial0.startconnected = "TRUE"
2025-11-05T19:46:10.064Z In(05) vmx DICT --- USER DEFAULTS C:\Users\NARUTO1\AppData\Roaming\VMware\config.ini 
2025-11-05T19:46:10.064Z In(05) vmx DICT --- HOST DEFAULTS C:\ProgramData\VMware\VMware Workstation\config.ini 
2025-11-05T19:46:10.064Z In(05) vmx DICT installerDefaults.simplifiedUI = "no"
2025-11-05T19:46:10.064Z In(05) vmx DICT         authd.client.port = "903"
2025-11-05T19:46:10.064Z In(05) vmx DICT           authd.proxy.nfc = "vmware-hostd:ha-nfc"
2025-11-05T19:46:10.064Z In(05) vmx DICT installerDefaults.autoSoftwareUpdateEnabled = "yes"
2025-11-05T19:46:10.064Z In(05) vmx DICT installerDefaults.autoSoftwareUpdateEnabled.epoch = "1196"
2025-11-05T19:46:10.064Z In(05) vmx DICT installerDefaults.componentDownloadEnabled = "yes"
2025-11-05T19:46:10.064Z In(05) vmx DICT installerDefaults.dataCollectionEnabled = "yes"
2025-11-05T19:46:10.064Z In(05) vmx DICT installerDefaults.dataCollectionEnabled.epoch = "1196"
2025-11-05T19:46:10.064Z In(05) vmx DICT --- SITE DEFAULTS C:\ProgramData\VMware\VMware Workstation\config.ini 
2025-11-05T19:46:10.064Z In(05) vmx DICT installerDefaults.simplifiedUI = "no"
2025-11-05T19:46:10.064Z In(05) vmx DICT         authd.client.port = "903"
2025-11-05T19:46:10.064Z In(05) vmx DICT           authd.proxy.nfc = "vmware-hostd:ha-nfc"
2025-11-05T19:46:10.064Z In(05) vmx DICT installerDefaults.autoSoftwareUpdateEnabled = "yes"
2025-11-05T19:46:10.064Z In(05) vmx DICT installerDefaults.autoSoftwareUpdateEnabled.epoch = "1196"
2025-11-05T19:46:10.064Z In(05) vmx DICT installerDefaults.componentDownloadEnabled = "yes"
2025-11-05T19:46:10.064Z In(05) vmx DICT installerDefaults.dataCollectionEnabled = "yes"
2025-11-05T19:46:10.064Z In(05) vmx DICT installerDefaults.dataCollectionEnabled.epoch = "1196"
2025-11-05T19:46:10.064Z In(05) vmx DICT --- GLOBAL SETTINGS C:\ProgramData\VMware\VMware Workstation\settings.ini 
2025-11-05T19:46:10.064Z In(05) vmx DICT          printers.enabled = "FALSE"
2025-11-05T19:46:10.065Z In(05) vmx Powering on guestOS 'windows2019srv-64' using the configuration for 'windows2019srv-64'.
2025-11-05T19:46:10.065Z In(05) vmx ToolsISO: open of C:\Program Files (x86)\VMware\VMware Workstation\isoimages_manifest.txt.sig failed: Could not find the file
2025-11-05T19:46:10.065Z In(05) vmx ToolsISO: Unable to read signature file 'C:\Program Files (x86)\VMware\VMware Workstation\isoimages_manifest.txt.sig', ignoring.
2025-11-05T19:46:10.065Z In(05) vmx ToolsISO: Updated cached value for imageName to 'windows.iso'.
2025-11-05T19:46:10.065Z In(05) vmx ToolsISO: Selected Tools ISO 'windows.iso' for 'windows2019srv-64' guest.
2025-11-05T19:46:10.066Z In(05) vmx Vix: [mainDispatch.c:4213]: VMAutomation_ReportPowerOpFinished: statevar=1, newAppState=1873, success=1 additionalError=0
2025-11-05T19:46:10.067Z In(05) vmx Monitor Mode: CPL0
2025-11-05T19:46:10.076Z In(05) vmx nvmeShared size: 3752, numAdapters: 1
2025-11-05T19:46:10.078Z In(05) vmx OvhdMem_PowerOn: initial admission: paged   608922 nonpaged    40427 anonymous     6695
2025-11-05T19:46:10.078Z In(05) vmx VMMEM: Initial Reservation: 2562MB (MainMem=2048MB)
2025-11-05T19:46:10.078Z In(05) vmx numa: Hot-add is enabled and vNUMA hot-add is disabled, forcing UMA.
2025-11-05T19:46:10.078Z In(05) vmx llc: maximum vcpus per LLC: 1
2025-11-05T19:46:10.078Z In(05) vmx llc: vLLC size: 1
2025-11-05T19:46:10.081Z In(05) vmx MemSched_PowerOn: balloon minGuestSize 209715 (80% of min required size 262144)
2025-11-05T19:46:10.081Z In(05) vmx MemSched: reserved mem (in MB) min 128 max 13513 recommended 13513
2025-11-05T19:46:10.081Z In(05) vmx MemSched: pg 608922 np 40427 anon 6695 mem 524288
2025-11-05T19:46:10.182Z In(05) vmx MemSched: numvm 2 locked pages: num 237296 max 3442944
2025-11-05T19:46:10.182Z In(05) vmx MemSched: locked Page Limit: host 3459384 config 3459328
2025-11-05T19:46:10.182Z In(05) vmx MemSched: minmempct 50 minalloc 305065 admitted 1
2025-11-05T19:46:10.183Z In(05) PowerNotifyThread VTHREAD 19704 "PowerNotifyThread"
2025-11-05T19:46:10.183Z In(05) PowerNotifyThread PowerNotify thread is alive.
2025-11-05T19:46:10.183Z In(05) vmx LICENSE: Running unlicensed VMX (VMware Workstation)
2025-11-05T19:46:10.183Z In(05) vthread-18508 VTHREAD 18508 "vthread-18508"
2025-11-05T19:46:10.183Z In(05) vmx Win32U_GetFileAttributes: GetFileAttributesExW("C:\Users\NARUTO1\GNS3\projects\holy_project\project-files\vmware\9b45566c-e1a2-4e25-a626-55630a1784bc\WindowsServer2019-1.vmpl", ...) failed, error: 2
2025-11-05T19:46:10.183Z In(05) vmx PolicyVMXFindPolicyKey: policy file does not exist.
2025-11-05T19:46:10.184Z In(05) vmx Win32U_GetFileAttributes: GetFileAttributesExW("C:\Users\NARUTO1\GNS3\projects\holy_project\project-files\vmware\9b45566c-e1a2-4e25-a626-55630a1784bc\WindowsServer2019-1.vmpl", ...) failed, error: 2
2025-11-05T19:46:10.184Z In(05) vmx PolicyVMXFindPolicyKey: policy file does not exist.
2025-11-05T19:46:10.184Z In(05) vmx Host PA size: 39 bits. Guest PA size: 45 bits.
2025-11-05T19:46:10.186Z In(05) vmx ToolsISO: Refreshing imageName for 'windows2019srv-64' (refreshCount=1, lastCount=1).
2025-11-05T19:46:10.186Z In(05) vmx ToolsISO: open of C:\Program Files (x86)\VMware\VMware Workstation\isoimages_manifest.txt.sig failed: Could not find the file
2025-11-05T19:46:10.186Z In(05) vmx ToolsISO: Unable to read signature file 'C:\Program Files (x86)\VMware\VMware Workstation\isoimages_manifest.txt.sig', ignoring.
2025-11-05T19:46:10.186Z In(05) vmx ToolsISO: Updated cached value for imageName to 'windows.iso'.
2025-11-05T19:46:10.186Z In(05) vmx ToolsISO: Selected Tools ISO 'windows.iso' for 'windows2019srv-64' guest.
2025-11-05T19:46:10.187Z In(05) deviceThread VTHREAD 14616 "deviceThread"
2025-11-05T19:46:10.187Z In(05) deviceThread Device thread is alive
2025-11-05T19:46:10.187Z In(05) vmx Host VT-x Capabilities:
2025-11-05T19:46:10.187Z In(05) vmx Basic VMX Information (0x00da040000000004)
2025-11-05T19:46:10.187Z In(05) vmx   VMCS revision ID                           4
2025-11-05T19:46:10.187Z In(05) vmx   VMCS region length                      1024
2025-11-05T19:46:10.187Z In(05) vmx   VMX physical-address width           natural
2025-11-05T19:46:10.187Z In(05) vmx   SMM dual-monitor mode                    yes
2025-11-05T19:46:10.187Z In(05) vmx   VMCS memory type                          WB
2025-11-05T19:46:10.187Z In(05) vmx   Advanced INS/OUTS info                   yes
2025-11-05T19:46:10.187Z In(05) vmx   True VMX MSRs                            yes
2025-11-05T19:46:10.187Z In(05) vmx   Exception Injection ignores error code    no
2025-11-05T19:46:10.187Z In(05) vmx True Pin-Based VM-Execution Controls (0x000000ff00000016)
2025-11-05T19:46:10.187Z In(05) vmx   External-interrupt exiting               {0,1}
2025-11-05T19:46:10.187Z In(05) vmx   NMI exiting                              {0,1}
2025-11-05T19:46:10.187Z In(05) vmx   Virtual NMIs                             {0,1}
2025-11-05T19:46:10.187Z In(05) vmx   Activate VMX-preemption timer            {0,1}
2025-11-05T19:46:10.187Z In(05) vmx   Process posted interrupts                {0,1}
2025-11-05T19:46:10.187Z In(05) vmx True Primary Processor-Based VM-Execution Controls (0xfff9fffe04006172)
2025-11-05T19:46:10.187Z In(05) vmx   Interrupt-window exiting                 {0,1}
2025-11-05T19:46:10.187Z In(05) vmx   Use TSC offsetting                       {0,1}
2025-11-05T19:46:10.187Z In(05) vmx   HLT exiting                              {0,1}
2025-11-05T19:46:10.187Z In(05) vmx   INVLPG exiting                           {0,1}
2025-11-05T19:46:10.187Z In(05) vmx   MWAIT exiting                            {0,1}
2025-11-05T19:46:10.187Z In(05) vmx   RDPMC exiting                            {0,1}
2025-11-05T19:46:10.187Z In(05) vmx   RDTSC exiting                            {0,1}
2025-11-05T19:46:10.187Z In(05) vmx   CR3-load exiting                         {0,1}
2025-11-05T19:46:10.187Z In(05) vmx   CR3-store exiting                        {0,1}
2025-11-05T19:46:10.187Z In(05) vmx   Activate tertiary controls               { 0 }
2025-11-05T19:46:10.187Z In(05) vmx   CR8-load exiting                         {0,1}
2025-11-05T19:46:10.187Z In(05) vmx   CR8-store exiting                        {0,1}
2025-11-05T19:46:10.187Z In(05) vmx   Use TPR shadow                           {0,1}
2025-11-05T19:46:10.187Z In(05) vmx   NMI-window exiting                       {0,1}
2025-11-05T19:46:10.187Z In(05) vmx   MOV-DR exiting                           {0,1}
2025-11-05T19:46:10.187Z In(05) vmx   Unconditional I/O exiting                {0,1}
2025-11-05T19:46:10.187Z In(05) vmx   Use I/O bitmaps                          {0,1}
2025-11-05T19:46:10.187Z In(05) vmx   Monitor trap flag                        {0,1}
2025-11-05T19:46:10.187Z In(05) vmx   Use MSR bitmaps                          {0,1}
2025-11-05T19:46:10.187Z In(05) vmx   MONITOR exiting                          {0,1}
2025-11-05T19:46:10.187Z In(05) vmx   PAUSE exiting                            {0,1}
2025-11-05T19:46:10.187Z In(05) vmx   Activate secondary controls              {0,1}
2025-11-05T19:46:10.187Z In(05) vmx Secondary Processor-Based VM-Execution Controls (0x005fbfff00000000)
2025-11-05T19:46:10.187Z In(05) vmx   Virtualize APIC accesses                 {0,1}
2025-11-05T19:46:10.187Z In(05) vmx   Enable EPT                               {0,1}
2025-11-05T19:46:10.187Z In(05) vmx   Descriptor-table exiting                 {0,1}
2025-11-05T19:46:10.187Z In(05) vmx   Enable RDTSCP                            {0,1}
2025-11-05T19:46:10.187Z In(05) vmx   Virtualize x2APIC mode                   {0,1}
2025-11-05T19:46:10.187Z In(05) vmx   Enable VPID                              {0,1}
2025-11-05T19:46:10.187Z In(05) vmx   WBINVD exiting                           {0,1}
2025-11-05T19:46:10.187Z In(05) vmx   Unrestricted guest                       {0,1}
2025-11-05T19:46:10.187Z In(05) vmx   APIC-register virtualization             {0,1}
2025-11-05T19:46:10.187Z In(05) vmx   Virtual-interrupt delivery               {0,1}
2025-11-05T19:46:10.187Z In(05) vmx   PAUSE-loop exiting                       {0,1}
2025-11-05T19:46:10.187Z In(05) vmx   RDRAND exiting                           {0,1}
2025-11-05T19:46:10.187Z In(05) vmx   Enable INVPCID                           {0,1}
2025-11-05T19:46:10.187Z In(05) vmx   Enable VM Functions                      {0,1}
2025-11-05T19:46:10.187Z In(05) vmx   Use VMCS shadowing                       { 0 }
2025-11-05T19:46:10.187Z In(05) vmx   ENCLS exiting                            {0,1}
2025-11-05T19:46:10.187Z In(05) vmx   RDSEED exiting                           {0,1}
2025-11-05T19:46:10.187Z In(05) vmx   Enable PML                               {0,1}
2025-11-05T19:46:10.187Z In(05) vmx   EPT-violation #VE                        {0,1}
2025-11-05T19:46:10.187Z In(05) vmx   Conceal VMX from PT                      {0,1}
2025-11-05T19:46:10.187Z In(05) vmx   Enable XSAVES/XRSTORS                    {0,1}
2025-11-05T19:46:10.187Z In(05) vmx   PASID translation                        { 0 }
2025-11-05T19:46:10.187Z In(05) vmx   Mode-based execute control for EPT       {0,1}
2025-11-05T19:46:10.187Z In(05) vmx   Sub-page write permissions for EPT       { 0 }
2025-11-05T19:46:10.187Z In(05) vmx   PT uses guest physical addresses         { 0 }
2025-11-05T19:46:10.187Z In(05) vmx   Use TSC scaling                          { 0 }
2025-11-05T19:46:10.187Z In(05) vmx   Enable UMWAIT and TPAUSE                 { 0 }
2025-11-05T19:46:10.187Z In(05) vmx   Enable ENCLV in VMX non-root mode        { 0 }
2025-11-05T19:46:10.187Z In(05) vmx   Enable EPC Virtualization Extensions     { 0 }
2025-11-05T19:46:10.188Z In(05) vmx   Bus lock exiting                         { 0 }
2025-11-05T19:46:10.188Z In(05) vmx   Notification VM exits                    { 0 }
2025-11-05T19:46:10.188Z In(05) vmx Tertiary Processor-Based VM-Execution Controls (0x0000000000000000)
2025-11-05T19:46:10.188Z In(05) vmx   LOADIWKEY exiting                          no
2025-11-05T19:46:10.188Z In(05) vmx   Enable HLAT                                no
2025-11-05T19:46:10.188Z In(05) vmx   Enable Paging-Write                        no
2025-11-05T19:46:10.188Z In(05) vmx   Enable Guest Paging Verification           no
2025-11-05T19:46:10.188Z In(05) vmx   Enable IPI Virtualization                  no
2025-11-05T19:46:10.188Z In(05) vmx   TD shared bit position for 5-level EPT     no
2025-11-05T19:46:10.188Z In(05) vmx   Enable RDMSRLIST/WRMSRLIST                 no
2025-11-05T19:46:10.188Z In(05) vmx   Enable Virtual MSR_SPEC_CTRL               no
2025-11-05T19:46:10.188Z In(05) vmx True VM-Exit Controls (0x01ffffff00036dfb)
2025-11-05T19:46:10.188Z In(05) vmx   Save debug controls                      {0,1}
2025-11-05T19:46:10.188Z In(05) vmx   Host address-space size                  {0,1}
2025-11-05T19:46:10.188Z In(05) vmx   Load IA32_PERF_GLOBAL_CTRL               {0,1}
2025-11-05T19:46:10.188Z In(05) vmx   Acknowledge interrupt on exit            {0,1}
2025-11-05T19:46:10.188Z In(05) vmx   Save IA32_PAT                            {0,1}
2025-11-05T19:46:10.188Z In(05) vmx   Load IA32_PAT                            {0,1}
2025-11-05T19:46:10.188Z In(05) vmx   Save IA32_EFER                           {0,1}
2025-11-05T19:46:10.188Z In(05) vmx   Load IA32_EFER                           {0,1}
2025-11-05T19:46:10.188Z In(05) vmx   Save VMX-preemption timer                {0,1}
2025-11-05T19:46:10.188Z In(05) vmx   Clear IA32_BNDCFGS                       {0,1}
2025-11-05T19:46:10.188Z In(05) vmx   Conceal VMX from processor trace         {0,1}
2025-11-05T19:46:10.188Z In(05) vmx   Clear IA32_RTIT MSR                      { 0 }
2025-11-05T19:46:10.188Z In(05) vmx   Clear IA32_LBR_CTL MSR                   { 0 }
2025-11-05T19:46:10.188Z In(05) vmx   Clear user-interrupt notification vector { 0 }
2025-11-05T19:46:10.188Z In(05) vmx   Load CET state                           { 0 }
2025-11-05T19:46:10.188Z In(05) vmx   Load PKRS                                { 0 }
2025-11-05T19:46:10.188Z In(05) vmx   Save IA32_PERF_GLOBAL_CTRL               { 0 }
2025-11-05T19:46:10.188Z In(05) vmx   Use Secondary VM-Exit Controls           { 0 }
2025-11-05T19:46:10.188Z In(05) vmx Secondary VM-Exit Controls (0x0000000000000000)
2025-11-05T19:46:10.188Z In(05) vmx   Fractured Shadow-Stack Update Reporting    no
2025-11-05T19:46:10.188Z In(05) vmx True VM-Entry Controls (0x0003ffff000011fb)
2025-11-05T19:46:10.188Z In(05) vmx   Load debug controls                      {0,1}
2025-11-05T19:46:10.188Z In(05) vmx   IA-32e mode guest                        {0,1}
2025-11-05T19:46:10.188Z In(05) vmx   Entry to SMM                             {0,1}
2025-11-05T19:46:10.188Z In(05) vmx   Deactivate dual-monitor mode             {0,1}
2025-11-05T19:46:10.188Z In(05) vmx   Load IA32_PERF_GLOBAL_CTRL               {0,1}
2025-11-05T19:46:10.188Z In(05) vmx   Load IA32_PAT                            {0,1}
2025-11-05T19:46:10.188Z In(05) vmx   Load IA32_EFER                           {0,1}
2025-11-05T19:46:10.188Z In(05) vmx   Load IA32_BNDCFGS                        {0,1}
2025-11-05T19:46:10.188Z In(05) vmx   Conceal VMX from processor trace         {0,1}
2025-11-05T19:46:10.188Z In(05) vmx   Load IA32_RTIT MSR                       { 0 }
2025-11-05T19:46:10.188Z In(05) vmx   Load user-interrupt notification vector  { 0 }
2025-11-05T19:46:10.188Z In(05) vmx   Load CET state                           { 0 }
2025-11-05T19:46:10.188Z In(05) vmx   Load IA32_LBR_CTL MSR                    { 0 }
2025-11-05T19:46:10.188Z In(05) vmx   Load PKRS                                { 0 }
2025-11-05T19:46:10.188Z In(05) vmx VPID and EPT Capabilities (0x00000f0106734141)
2025-11-05T19:46:10.188Z In(05) vmx   R=0/W=0/X=1                               yes
2025-11-05T19:46:10.188Z In(05) vmx   Page-walk length 3                        yes
2025-11-05T19:46:10.188Z In(05) vmx   EPT memory type WB                        yes
2025-11-05T19:46:10.188Z In(05) vmx   2MB super-page                            yes
2025-11-05T19:46:10.188Z In(05) vmx   1GB super-page                            yes
2025-11-05T19:46:10.188Z In(05) vmx   INVEPT support                            yes
2025-11-05T19:46:10.188Z In(05) vmx   Access & Dirty Bits                       yes
2025-11-05T19:46:10.188Z In(05) vmx   Advanced VM exit information for EPT violations   yes
2025-11-05T19:46:10.188Z In(05) vmx   Supervisor shadow-stack control            no
2025-11-05T19:46:10.188Z In(05) vmx   Type 1 INVEPT                             yes
2025-11-05T19:46:10.188Z In(05) vmx   Type 2 INVEPT                             yes
2025-11-05T19:46:10.188Z In(05) vmx   INVVPID support                           yes
2025-11-05T19:46:10.188Z In(05) vmx   Type 0 INVVPID                            yes
2025-11-05T19:46:10.188Z In(05) vmx   Type 1 INVVPID                            yes
2025-11-05T19:46:10.188Z In(05) vmx   Type 2 INVVPID                            yes
2025-11-05T19:46:10.188Z In(05) vmx   Type 3 INVVPID                            yes
2025-11-05T19:46:10.188Z In(05) vmx Miscellaneous VMX Data (0x000000007004c1e7)
2025-11-05T19:46:10.188Z In(05) vmx   TSC to preemption timer ratio      7
2025-11-05T19:46:10.188Z In(05) vmx   VM-Exit saves EFER.LMA           yes
2025-11-05T19:46:10.188Z In(05) vmx   Activity State HLT               yes
2025-11-05T19:46:10.188Z In(05) vmx   Activity State shutdown          yes
2025-11-05T19:46:10.188Z In(05) vmx   Activity State wait-for-SIPI     yes
2025-11-05T19:46:10.188Z In(05) vmx   Processor trace in VMX           yes
2025-11-05T19:46:10.188Z In(05) vmx   RDMSR SMBASE MSR in SMM          yes
2025-11-05T19:46:10.188Z In(05) vmx   CR3 targets supported              4
2025-11-05T19:46:10.188Z In(05) vmx   Maximum MSR list size            512
2025-11-05T19:46:10.188Z In(05) vmx   VMXOFF holdoff of SMIs           yes
2025-11-05T19:46:10.188Z In(05) vmx   Allow all VMWRITEs               yes
2025-11-05T19:46:10.188Z In(05) vmx   Allow zero instruction length    yes
2025-11-05T19:46:10.188Z In(05) vmx   MSEG revision ID                   0
2025-11-05T19:46:10.188Z In(05) vmx VMX-Fixed Bits in CR0 (0x0000000080000021/0x00000000ffffffff)
2025-11-05T19:46:10.188Z In(05) vmx   Fixed to 0        0xffffffff00000000
2025-11-05T19:46:10.188Z In(05) vmx   Fixed to 1        0x0000000080000021
2025-11-05T19:46:10.188Z In(05) vmx   Variable          0x000000007fffffde
2025-11-05T19:46:10.188Z In(05) vmx VMX-Fixed Bits in CR4 (0x0000000000002000/0x00000000007727ff)
2025-11-05T19:46:10.188Z In(05) vmx   Fixed to 0        0xffffffffff88d800
2025-11-05T19:46:10.188Z In(05) vmx   Fixed to 1        0x0000000000002000
2025-11-05T19:46:10.188Z In(05) vmx   Variable          0x00000000007707ff
2025-11-05T19:46:10.188Z In(05) vmx VMCS Enumeration (0x000000000000002e)
2025-11-05T19:46:10.188Z In(05) vmx   Highest index                   0x17
2025-11-05T19:46:10.188Z In(05) vmx VM Functions (0x0000000000000001)
2025-11-05T19:46:10.188Z In(05) vmx   Function  0 (EPTP-switching) supported.
2025-11-05T19:46:10.188Z In(05) vmx Monitor_PowerOn: hostedVSMPMaxSkew is 1500 us (3888005 cycles)
2025-11-05T19:46:10.188Z In(05) vmx vmm-modules: [vmm.vmm, vmce-vmce.vmm, viommu-none.vmm, vprobe-none.vmm, hv-vt.vmm, gphys-ept.vmm, callstack-none.vmm, ahci-ahci.vmm, nvme-nvme.vmm, !nvmeShared=0x0, !ahciShared=0xec0, !e1000Shared=0x1ac0, !tdxSharedVMData=0x2340, !vmSamples=0x2340, !theIOSpace=0x2380, !ttGPPerVcpu=0x9180, {UseUnwind}=0x0, numVCPUsAsAddr=0x2, {SharedAreaReservations}=0x91c0, {rodataSize}=0x2234d, {textAddr}=0xfffffffffc000000, {textSize}=0x93cfe, <MonSrcFile>]
2025-11-05T19:46:10.188Z In(05) vmx vmm-vcpus:   2
2025-11-05T19:46:10.222Z In(05) vmx KHZEstimate 2592003
2025-11-05T19:46:10.222Z In(05) vmx MHZEstimate 2592
2025-11-05T19:46:10.222Z In(05) vmx NumVCPUs 2
2025-11-05T19:46:10.223Z In(05) vmx UUID: Writing uuid.bios value: '56 4d 56 97 9f 13 2a 00-65 2a a8 38 8f df bb 74'
2025-11-05T19:46:10.223Z No(00) vmx ConfigDB: Setting uuid.bios = "56 4d 56 97 9f 13 2a 00-65 2a a8 38 8f df bb 74"
2025-11-05T19:46:10.223Z In(05) vmx UUID: Writing uuid.location value: '56 4d 56 97 9f 13 2a 00-65 2a a8 38 8f df bb 74'
2025-11-05T19:46:10.223Z No(00) vmx ConfigDB: Setting uuid.location = "56 4d 56 97 9f 13 2a 00-65 2a a8 38 8f df bb 74"
2025-11-05T19:46:10.235Z In(05) vmx AIOGNRC: numThreads=1 ide=0, scsi=0, passthru=0
2025-11-05T19:46:10.235Z In(05) vmx WORKER: Creating new group with maxThreads=1 (1)
2025-11-05T19:46:10.241Z In(05) vmx WORKER: Creating new group with maxThreads=1 (2)
2025-11-05T19:46:10.241Z In(05) vmx MainMem: CPT Host WZ=0 PF=2048 D=0
2025-11-05T19:46:10.241Z In(05) vmx MainMem: CPT PLS=1 PLR=1 BS=1 BlkP=32 Mult=4 W=50
2025-11-05T19:46:10.243Z In(05) vmx MainMem: Opened paging file, 'C:\Users\NARUTO1\GNS3\projects\holy_project\project-files\vmware\9b45566c-e1a2-4e25-a626-55630a1784bc\564d5697-9f13-2a00-652a-a8388fdfbb74.vmem'.
2025-11-05T19:46:10.243Z In(05) vmx MStat: Creating Stat vm.uptime
2025-11-05T19:46:10.243Z In(05) vmx MStat: Creating Stat vm.suspendTime
2025-11-05T19:46:10.243Z In(05) vmx MStat: Creating Stat vm.powerOnTimeStamp
2025-11-05T19:46:10.243Z In(05) aioCompletion VTHREAD 11520 "aioCompletion"
2025-11-05T19:46:10.243Z In(05) vmx VMXAIOMGR: Using: simple=Compl
2025-11-05T19:46:10.247Z In(05) vmx WORKER: Creating new group with maxThreads=1 (3)
2025-11-05T19:46:10.250Z In(05) vmx WORKER: Creating new group with maxThreads=1 (4)
2025-11-05T19:46:10.250Z In(05) vmx WORKER: Creating new group with maxThreads=14 (18)
2025-11-05T19:46:10.251Z In(05) vmx FeatureCompat: No VM masks.
2025-11-05T19:46:10.251Z In(05) vmx TimeTracker host to guest rate conversion 1251170669247 @ 2592003000Hz -> 0 @ 2592003000Hz
2025-11-05T19:46:10.251Z In(05) vmx TimeTracker host to guest rate conversion ((x * 2147483648) >> 31) + -1251170669247
2025-11-05T19:46:10.251Z In(05) vmx Disabling TSC scaling since host does not support it.
2025-11-05T19:46:10.251Z In(05) vmx TSC offsetting enabled.
2025-11-05T19:46:10.251Z In(05) vmx timeTracker.globalProgressMaxAllowanceMS: 2000
2025-11-05T19:46:10.251Z In(05) vmx timeTracker.globalProgressToAllowanceNS: 1000
2025-11-05T19:46:10.252Z In(05) vmx MKS PowerOn
2025-11-05T19:46:10.253Z In(05) mks VTHREAD 3928 "mks"
2025-11-05T19:46:10.253Z In(05) mks MKS thread is alive
2025-11-05T19:46:10.253Z In(05) svga VTHREAD 11276 "svga"
2025-11-05T19:46:10.253Z In(05) svga SVGA thread is alive
2025-11-05T19:46:10.253Z In(05) mks MKS: SSE2=1, SSSE3=1, SSE4_1=1
2025-11-05T19:46:10.253Z In(05) mouse VTHREAD 22620 "mouse"
2025-11-05T19:46:10.253Z In(05) mks MKS-HookKeyboard: Keyboard hook timeout set below recommended value (found=200, recommended=5000)
2025-11-05T19:46:10.253Z In(05) kbh VTHREAD 2812 "kbh"
2025-11-05T19:46:10.258Z In(05) mks MKSWin32: Registering top level window (0x4095e) to receive session change notification.
2025-11-05T19:46:10.259Z In(05) mks MKSWin32: Disabled power throttling.
2025-11-05T19:46:10.259Z In(05) mks Current Display Settings:
2025-11-05T19:46:10.259Z In(05) mks    Display: 0 size: 1920x1080  position: (0, 0) name: \\.\DISPLAY1  
2025-11-05T19:46:10.259Z In(05) mks MKSWin32: MIL: 0x4000
2025-11-05T19:46:10.259Z In(05) mks MKSRenderMain: PowerOn allowed BasicOps 
2025-11-05T19:46:10.259Z In(05) mks MKSRenderMain: ISB enabled by config
2025-11-05T19:46:10.259Z In(05) mks MKSRenderMain: Collecting RenderOps caps from BasicOps
2025-11-05T19:46:10.259Z In(05) mks MKSRenderMain: Starting BasicOps
2025-11-05T19:46:10.259Z In(05) mks MKSRenderMain: Started BasicOps
2025-11-05T19:46:10.259Z In(05) mks MKSRenderMain: Found Full Renderer: MKSBasicOps
2025-11-05T19:46:10.259Z In(05) mks MKSRenderMain: maxTextureSize=32768
2025-11-05T19:46:10.259Z In(05) mks KHBKL: Unable to parse keystring at: ''
2025-11-05T19:46:10.259Z In(05) mks MKSRemoteMgr: Set default display name: WindowsServer2019-1
2025-11-05T19:46:10.259Z In(05) mks MKSRemoteMgr: Loading VNC Configuration from VM config file
2025-11-05T19:46:10.259Z In(05) mks MKSRemoteMgr: Using default VNC keymap table "us"
2025-11-05T19:46:10.259Z In(05) vmx VLANCE: send cluster threshold is 80, size = 2 recalcInterval is 20000 us
2025-11-05T19:46:10.259Z In(05) vmx VMXNET: send cluster threshold is 80, size = 2 recalcInterval is 20000 ticks, dontClusterSize is 128
2025-11-05T19:46:10.261Z In(05) vmx Chipset version: 0x17
2025-11-05T19:46:10.261Z In(05) vmx The EFI ROM is EFI2.7 64-bit.
2025-11-05T19:46:10.270Z No(00) vmx ConfigDB: Setting vm.genid = "1243581535201128100"
2025-11-05T19:46:10.270Z No(00) vmx ConfigDB: Setting vm.genidX = "6908257544230247292"
2025-11-05T19:46:10.281Z In(05) vmx SOUNDLIB: Creating the Wave sound backend.
2025-11-05T19:46:10.287Z No(00) vmx ConfigDB: Setting pciBridge4.pciSlotNumber = "-1"
2025-11-05T19:46:10.287Z No(00) vmx ConfigDB: Setting pciBridge5.pciSlotNumber = "-1"
2025-11-05T19:46:10.287Z No(00) vmx ConfigDB: Setting pciBridge6.pciSlotNumber = "-1"
2025-11-05T19:46:10.287Z No(00) vmx ConfigDB: Setting pciBridge7.pciSlotNumber = "-1"
2025-11-05T19:46:10.287Z No(00) vmx ConfigDB: Setting ethernet0.pciSlotNumber = "-1"
2025-11-05T19:46:10.287Z No(00) vmx ConfigDB: Setting pciBridge4.pciSlotNumber = "21"
2025-11-05T19:46:10.287Z No(00) vmx ConfigDB: Setting pciBridge5.pciSlotNumber = "22"
2025-11-05T19:46:10.287Z No(00) vmx ConfigDB: Setting pciBridge6.pciSlotNumber = "23"
2025-11-05T19:46:10.288Z No(00) vmx ConfigDB: Setting pciBridge7.pciSlotNumber = "24"
2025-11-05T19:46:10.288Z No(00) vmx ConfigDB: Setting ethernet0.pciSlotNumber = "36"
2025-11-05T19:46:10.313Z In(05) vmx MigrateBusMemPrealloc: BusMem preallocation begins.
2025-11-05T19:46:10.313Z In(05) vmx MigrateBusMemPrealloc: BusMem preallocation completes.
2025-11-05T19:46:10.313Z No(00) vmx ConfigDB: Setting nvme0:0.redo = ""
2025-11-05T19:46:10.313Z In(05) vmx DISK: OPEN nvme0:0 'C:\Users\NARUTO1\GNS3\projects\holy_project\project-files\vmware\9b45566c-e1a2-4e25-a626-55630a1784bc\Windows Server 2019-cl1.vmdk' persistent R[]
2025-11-05T19:46:10.342Z In(05) vmx DiskGetGeometry: Reading of disk partition table
2025-11-05T19:46:10.342Z In(05) vmx DISK: Disk 'C:\Users\NARUTO1\GNS3\projects\holy_project\project-files\vmware\9b45566c-e1a2-4e25-a626-55630a1784bc\Windows Server 2019-cl1.vmdk' has UUID '60 00 c2 9e 60 25 17 6f-ec 5a 6d 64 b4 4a 39 57'
2025-11-05T19:46:10.342Z In(05) vmx DISK: OPEN 'C:\Users\NARUTO1\GNS3\projects\holy_project\project-files\vmware\9b45566c-e1a2-4e25-a626-55630a1784bc\Windows Server 2019-cl1.vmdk' Geo (7832/255/63) BIOS Geo (0/0/0)
2025-11-05T19:46:13.345Z In(05) vmx DISKUTILWIN32: DiskUtilW32IsATASSDDevice: Failed to send ATA IDENTIFY command to the target device.
2025-11-05T19:46:13.345Z In(05) vmx DISKUTILWIN32: DiskUtilW32IsScsiSSDDevice: Reported rotation rate = 1
2025-11-05T19:46:13.352Z In(05) vmx DISKUTILWIN32: DiskUtilW32IsATASSDDevice: Failed to send ATA IDENTIFY command to the target device.
2025-11-05T19:46:13.353Z In(05) vmx DISKUTILWIN32: DiskUtilW32IsScsiSSDDevice: Reported rotation rate = 1
2025-11-05T19:46:13.360Z In(05) vmx DISKUTILWIN32: DiskUtilW32IsATASSDDevice: Failed to send ATA IDENTIFY command to the target device.
2025-11-05T19:46:13.360Z In(05) vmx DISKUTILWIN32: DiskUtilW32IsScsiSSDDevice: Reported rotation rate = 1
2025-11-05T19:46:13.367Z In(05) vmx DISKUTILWIN32: DiskUtilW32IsATASSDDevice: Failed to send ATA IDENTIFY command to the target device.
2025-11-05T19:46:13.367Z In(05) vmx DISKUTILWIN32: DiskUtilW32IsScsiSSDDevice: Reported rotation rate = 1
2025-11-05T19:46:13.372Z In(05) vmx DISKUTILWIN32: DiskUtilW32IsATASSDDevice: Failed to send ATA IDENTIFY command to the target device.
2025-11-05T19:46:13.372Z In(05) vmx DISKUTILWIN32: DiskUtilW32IsScsiSSDDevice: Reported rotation rate = 1
2025-11-05T19:46:13.376Z In(05) vmx DISKUTILWIN32: DiskUtilW32IsATASSDDevice: Failed to send ATA IDENTIFY command to the target device.
2025-11-05T19:46:13.376Z In(05) vmx DISKUTILWIN32: DiskUtilW32IsScsiSSDDevice: Reported rotation rate = 1
2025-11-05T19:46:13.378Z In(05) vmx DISKUTILWIN32: DiskUtilW32IsATASSDDevice: Failed to send ATA IDENTIFY command to the target device.
2025-11-05T19:46:13.378Z In(05) vmx DISKUTILWIN32: DiskUtilW32IsScsiSSDDevice: Reported rotation rate = 1
2025-11-05T19:46:13.380Z In(05) vmx DISKUTILWIN32: DiskUtilW32IsATASSDDevice: Failed to send ATA IDENTIFY command to the target device.
2025-11-05T19:46:13.380Z In(05) vmx DISKUTILWIN32: DiskUtilW32IsScsiSSDDevice: Reported rotation rate = 1
2025-11-05T19:46:13.382Z In(05) vmx DISKUTILWIN32: DiskUtilW32IsATASSDDevice: Failed to send ATA IDENTIFY command to the target device.
2025-11-05T19:46:13.382Z In(05) vmx DISKUTILWIN32: DiskUtilW32IsScsiSSDDevice: Reported rotation rate = 1
2025-11-05T19:46:13.383Z In(05) vmx DISKUTILWIN32: DiskUtilW32IsATASSDDevice: Failed to send ATA IDENTIFY command to the target device.
2025-11-05T19:46:13.383Z In(05) vmx DISKUTILWIN32: DiskUtilW32IsScsiSSDDevice: Reported rotation rate = 1
2025-11-05T19:46:13.385Z In(05) vmx DISKUTILWIN32: DiskUtilW32IsATASSDDevice: Failed to send ATA IDENTIFY command to the target device.
2025-11-05T19:46:13.385Z In(05) vmx DISKUTILWIN32: DiskUtilW32IsScsiSSDDevice: Reported rotation rate = 1
2025-11-05T19:46:13.386Z In(05) vmx DISKUTILWIN32: DiskUtilW32IsATASSDDevice: Failed to send ATA IDENTIFY command to the target device.
2025-11-05T19:46:13.386Z In(05) vmx DISKUTILWIN32: DiskUtilW32IsScsiSSDDevice: Reported rotation rate = 1
2025-11-05T19:46:13.388Z In(05) vmx DISKUTILWIN32: DiskUtilW32IsATASSDDevice: Failed to send ATA IDENTIFY command to the target device.
2025-11-05T19:46:13.388Z In(05) vmx DISKUTILWIN32: DiskUtilW32IsScsiSSDDevice: Reported rotation rate = 1
2025-11-05T19:46:13.389Z In(05) vmx DISKUTILWIN32: DiskUtilW32IsATASSDDevice: Failed to send ATA IDENTIFY command to the target device.
2025-11-05T19:46:13.389Z In(05) vmx DISKUTILWIN32: DiskUtilW32IsScsiSSDDevice: Reported rotation rate = 1
2025-11-05T19:46:13.391Z In(05) vmx DISKUTILWIN32: DiskUtilW32IsATASSDDevice: Failed to send ATA IDENTIFY command to the target device.
2025-11-05T19:46:13.391Z In(05) vmx DISKUTILWIN32: DiskUtilW32IsScsiSSDDevice: Reported rotation rate = 1
2025-11-05T19:46:13.392Z In(05) vmx DISKUTILWIN32: DiskUtilW32IsATASSDDevice: Failed to send ATA IDENTIFY command to the target device.
2025-11-05T19:46:13.392Z In(05) vmx DISKUTILWIN32: DiskUtilW32IsScsiSSDDevice: Reported rotation rate = 1
2025-11-05T19:46:13.392Z In(05) vmx DISK: DiskConfigureVirtualSSD:  Disk 'nvme0:0' identified as Virtual SSD device.
2025-11-05T19:46:13.392Z Wa(03) vmx Failed to write PID to authd pipe.
2025-11-05T19:46:13.392Z In(05) vmx DISK: Opening disks took 3079 ms.
2025-11-05T19:46:13.393Z No(00) vmx PowerOnTiming: Module Disk took 3079526 us
2025-11-05T19:46:13.393Z In(05) vmx USBArbLib: USBArbLib initialized successfully, retryIntervalStart(5), retryIntervalMax(120), arbSocketName(\\.\pipe\vmware-usbarbpipe), useLocking(yes), tryUpgrading(no).
2025-11-05T19:46:13.393Z In(05) vmx UsbEnum: Initializing UsbEnum library, disableLocking(no), allowBootableHid(yes).
2025-11-05T19:46:13.393Z In(05) vmx USB: Initializing 'Virtual Hub' backend
2025-11-05T19:46:13.393Z In(05) vmx USB: Initializing 'Generic' backend
2025-11-05T19:46:13.393Z Wa(03) vmx USBArbLib: OUT SET_AUTO_CONNECT: Not connected to arbitrator, autoconnect(0) for client 'WindowsServer2019-1', connectState(1).
2025-11-05T19:46:13.393Z In(05) vmx USB: Initializing 'Virtual HID' backend
2025-11-05T19:46:13.394Z In(05) sensorThread VTHREAD 21552 "sensorThread"
2025-11-05T19:46:13.394Z In(05) vmx USB: Initializing 'Remote Device' backend
2025-11-05T19:46:13.394Z In(05) vmx RemoteUSBVMX: Retrieved hostId [44 45 4c 4c 4b 00 10 59-80 44 c7 c0 4f 30 36 33].
2025-11-05T19:46:13.394Z In(05) vmx RemoteUSBVMX: Protocol version min:15 current:19
2025-11-05T19:46:13.394Z In(05) vmx RemoteUSBVMX: no delay setting is TRUE.
2025-11-05T19:46:13.394Z In(05) vmx USB: Initializing 'Virtual Mass Storage' backend
2025-11-05T19:46:13.394Z In(05) vmx USB: Initializing 'Virtual CCID' backend
2025-11-05T19:46:13.395Z In(05) vmx USB-CCID: Could not establish context: SCARD_E_NO_SERVICE(0x8010001d).
2025-11-05T19:46:13.396Z In(05) vmx USB-CCID: Could not establish context: SCARD_E_NO_SERVICE(0x8010001d).
2025-11-05T19:46:13.398Z In(05) usbCCIDEnumCards VTHREAD 22668 "usbCCIDEnumCards"
2025-11-05T19:46:13.398Z In(05) usbCCIDEnumCards USB-CCID: Card enum thread created.
2025-11-05T19:46:13.398Z In(05) vmx USB: Initializing 'Virtual Video' backend
2025-11-05T19:46:13.404Z In(05) vmx USBGW: Skipping disk backing for path(C:\Users\NARUTO1\GNS3\projects\holy_project\project-files\vmware\9b45566c-e1a2-4e25-a626-55630a1784bc\WindowsServer2019-1.vmx).
2025-11-05T19:46:13.405Z In(05) vmx USBGW: Skipping disk backing for path(C:\Users\NARUTO1\GNS3\projects\holy_project\project-files\vmware\9b45566c-e1a2-4e25-a626-55630a1784bc\Windows Server 2019-cl1.vmdk).
2025-11-05T19:46:13.405Z In(05) vmx USBGW: Skipping disk backing for path(D:\VM -PRO\WIN-SERIVER2019\Windows Server 2019.vmdk).
2025-11-05T19:46:13.406Z In(05) vmx USBGW: Skipping disk backing for path(C:\Users\NARUTO1\GNS3\projects\holy_project\project-files\vmware\9b45566c-e1a2-4e25-a626-55630a1784bc\WindowsServer2019-1.vmsd).
2025-11-05T19:46:13.407Z In(05) vmx USBGW: Skipping disk backing for path(C:\Users\NARUTO1\GNS3\projects\holy_project\project-files\vmware\9b45566c-e1a2-4e25-a626-55630a1784bc\WindowsServer2019-1.nvram).
2025-11-05T19:46:13.407Z In(05) usbCCIDEnumCards USB-CCID: Could not establish context: SCARD_E_NO_SERVICE(0x8010001d).
2025-11-05T19:46:13.408Z In(05) vmx SVGA-GFB: Config settings: autodetect=1, numDisplays=1, maxWidth=2560, maxHeight=1600
2025-11-05T19:46:13.408Z In(05) vmx SVGA-GFB: Desired maximum display topology: wh(6688, 5016)
2025-11-05T19:46:13.408Z In(05) vmx SVGA-GFB: Autodetected target gfbSize = 268435456
2025-11-05T19:46:13.408Z In(05) vmx SVGA-GFB: Using Initial       gfbSize = 134217728
2025-11-05T19:46:13.408Z In(05) vmx SVGA-GFB: MaxPrimaryMem      register = 268435456
2025-11-05T19:46:13.408Z In(05) vmx SVGA-GFB: Max wh(6688, 5016), number of displays: 10
2025-11-05T19:46:13.408Z In(05) vmx SVGA-GFB: Allocated gfbSize=134217728
2025-11-05T19:46:13.409Z No(00) vmx ConfigDB: Setting vmotion.checkpointFBSize = "134217728"
2025-11-05T19:46:13.409Z No(00) vmx ConfigDB: Setting vmotion.checkpointSVGAPrimarySize = "268435456"
2025-11-05T19:46:13.409Z In(05) vmx SVGA: SVGA DeviceLabel: svga2
2025-11-05T19:46:13.409Z No(00) vmx ConfigDB: Setting vmotion.svga.mobMaxSize = "268435456"
2025-11-05T19:46:13.409Z No(00) vmx ConfigDB: Setting vmotion.svga.graphicsMemoryKB = "262144"
2025-11-05T19:46:13.409Z In(05) vmx SVGA: mobMaxSize=268435456
2025-11-05T19:46:13.409Z In(05) vmx SVGA: graphicsMemoryKB=262144
2025-11-05T19:46:13.409Z In(05) vmx SVGA: FIFO capabilities 0x0000077f
2025-11-05T19:46:13.409Z In(05) vmx SVGAFeature renderer (before clamping) svga.supports3D bool 0
2025-11-05T19:46:13.409Z In(05) vmx SVGAFeature renderer (before clamping) svga.baseCapsLevel num 11
2025-11-05T19:46:13.409Z In(05) vmx SVGAFeature renderer (before clamping) svga.maxPointSize num 0
2025-11-05T19:46:13.409Z In(05) vmx SVGAFeature renderer (before clamping) svga.maxTextureSize num 32768
2025-11-05T19:46:13.409Z In(05) vmx SVGAFeature renderer (before clamping) svga.maxVolumeExtent num 0
2025-11-05T19:46:13.409Z In(05) vmx SVGAFeature renderer (before clamping) svga.maxTextureAnisotropy num 0
2025-11-05T19:46:13.409Z In(05) vmx SVGAFeature renderer (before clamping) svga.lineStipple bool 0
2025-11-05T19:46:13.409Z In(05) vmx SVGAFeature renderer (before clamping) svga.dxMaxConstantBuffers num 0
2025-11-05T19:46:13.409Z In(05) vmx SVGAFeature renderer (before clamping) svga.dxProvokingVertex bool 0
2025-11-05T19:46:13.409Z In(05) vmx SVGAFeature renderer (before clamping) svga.sm41 bool 0
2025-11-05T19:46:13.409Z In(05) vmx SVGAFeature renderer (before clamping) svga.multisample2x bool 0
2025-11-05T19:46:13.409Z In(05) vmx SVGAFeature renderer (before clamping) svga.multisample4x bool 0
2025-11-05T19:46:13.409Z In(05) vmx SVGAFeature renderer (before clamping) svga.msFullQuality bool 0
2025-11-05T19:46:13.409Z In(05) vmx SVGAFeature renderer (before clamping) svga.logicOps bool 0
2025-11-05T19:46:13.409Z In(05) vmx SVGAFeature renderer (before clamping) svga.bc67 num 0
2025-11-05T19:46:13.409Z In(05) vmx SVGAFeature renderer (before clamping) svga.sm5 bool 0
2025-11-05T19:46:13.409Z In(05) vmx SVGAFeature renderer (before clamping) svga.multisample8x bool 0
2025-11-05T19:46:13.409Z In(05) vmx SVGAFeature renderer (before clamping) svga.logicBlendOps bool 0
2025-11-05T19:46:13.409Z In(05) vmx SVGAFeature renderer (before clamping) svga.maxForcedSampleCount num 0
2025-11-05T19:46:13.409Z In(05) vmx SVGAFeature renderer (before clamping) svga.gl43 bool 0
2025-11-05T19:46:13.409Z In(05) vmx SVGAFeature renderer (after  clamping) svga.supports3D bool 0
2025-11-05T19:46:13.409Z In(05) vmx SVGAFeature renderer (after  clamping) svga.baseCapsLevel num 0
2025-11-05T19:46:13.409Z In(05) vmx SVGAFeature renderer (after  clamping) svga.maxPointSize num 0
2025-11-05T19:46:13.409Z In(05) vmx SVGAFeature renderer (after  clamping) svga.maxTextureSize num 0
2025-11-05T19:46:13.409Z In(05) vmx SVGAFeature renderer (after  clamping) svga.maxVolumeExtent num 0
2025-11-05T19:46:13.409Z In(05) vmx SVGAFeature renderer (after  clamping) svga.maxTextureAnisotropy num 0
2025-11-05T19:46:13.409Z In(05) vmx SVGAFeature renderer (after  clamping) svga.lineStipple bool 0
2025-11-05T19:46:13.409Z In(05) vmx SVGAFeature renderer (after  clamping) svga.dxMaxConstantBuffers num 0
2025-11-05T19:46:13.409Z In(05) vmx SVGAFeature renderer (after  clamping) svga.dxProvokingVertex bool 0
2025-11-05T19:46:13.409Z In(05) vmx SVGAFeature renderer (after  clamping) svga.sm41 bool 0
2025-11-05T19:46:13.409Z In(05) vmx SVGAFeature renderer (after  clamping) svga.multisample2x bool 0
2025-11-05T19:46:13.409Z In(05) vmx SVGAFeature renderer (after  clamping) svga.multisample4x bool 0
2025-11-05T19:46:13.409Z In(05) vmx SVGAFeature renderer (after  clamping) svga.msFullQuality bool 0
2025-11-05T19:46:13.409Z In(05) vmx SVGAFeature renderer (after  clamping) svga.logicOps bool 0
2025-11-05T19:46:13.409Z In(05) vmx SVGAFeature renderer (after  clamping) svga.bc67 num 0
2025-11-05T19:46:13.409Z In(05) vmx SVGAFeature renderer (after  clamping) svga.sm5 bool 0
2025-11-05T19:46:13.409Z In(05) vmx SVGAFeature renderer (after  clamping) svga.multisample8x bool 0
2025-11-05T19:46:13.409Z In(05) vmx SVGAFeature renderer (after  clamping) svga.logicBlendOps bool 0
2025-11-05T19:46:13.409Z In(05) vmx SVGAFeature renderer (after  clamping) svga.maxForcedSampleCount num 0
2025-11-05T19:46:13.409Z In(05) vmx SVGAFeature renderer (after  clamping) svga.gl43 bool 0
2025-11-05T19:46:13.409Z In(05) vmx SVGA3dClamp: Renderer Provides     BC67Level:     0 (    0,     0)
2025-11-05T19:46:13.409Z In(05) vmx SVGA3dClamp: Renderer Provides BaseCapsLevel:     0 (    0,     0)
2025-11-05T19:46:13.409Z In(05) vmx SVGA3dClamp: Renderer Provides    ClampLevel:     0 (    0,     0)
2025-11-05T19:46:13.409Z In(05) vmx SVGA3dCaps: host, at power on (3d disabled)
2025-11-05T19:46:13.409Z In(05) vmx   cap[ 19]: 0x00002000 (MAX_TEXTURE_WIDTH)
2025-11-05T19:46:13.409Z In(05) vmx   cap[ 20]: 0x00002000 (MAX_TEXTURE_HEIGHT)
2025-11-05T19:46:13.409Z In(05) vmx   cap[ 93]: 0x00000001 (TS_COLOR_KEY)
2025-11-05T19:46:13.409Z In(05) vmx SVGA3dClamp:     Host Provides     BC67Level:     0 (    0,     0)
2025-11-05T19:46:13.409Z In(05) vmx SVGA3dClamp:     Host Provides BaseCapsLevel:     0 (    0,     4)
2025-11-05T19:46:13.409Z In(05) vmx SVGA3dClamp:     Host Provides    ClampLevel:     0 (    0,     0)
2025-11-05T19:46:13.409Z In(05) vmx SVGA3dCaps: Disabling 3d support
2025-11-05T19:46:13.409Z In(05) vmx SVGA3dCaps: guest, compatibility level: 10
2025-11-05T19:46:13.409Z In(05) vmx   cap[ 19]: 0x00002000 (MAX_TEXTURE_WIDTH)
2025-11-05T19:46:13.409Z In(05) vmx   cap[ 20]: 0x00002000 (MAX_TEXTURE_HEIGHT)
2025-11-05T19:46:13.409Z In(05) vmx SVGA3dClamp:    Guest Requires     BC67Level:     0 (    0,     0)
2025-11-05T19:46:13.410Z In(05) vmx SVGA3dClamp:    Guest Requires BaseCapsLevel:     0 (    0,     0)
2025-11-05T19:46:13.410Z In(05) vmx SVGA3dClamp:    Guest Requires    ClampLevel:     0 (    0,     0)
2025-11-05T19:46:13.410Z In(05) vmx USB: Initializing 'UHCI' host controller.
2025-11-05T19:46:13.410Z No(00) vmx ConfigDB: Setting ethernet0.generatedAddress = "00:0c:29:df:bb:74"
2025-11-05T19:46:13.410Z No(00) vmx ConfigDB: Setting ethernet0.generatedAddressOffset = "0"
2025-11-05T19:46:13.410Z In(05) vmx Ethernet0 MAC Address: 00:0c:29:df:bb:74
2025-11-05T19:46:13.424Z In(05) vmx USB: Initializing 'EHCI' host controller.
2025-11-05T19:46:13.424Z In(05) vmx USB: Initializing 'xHCI' host controller.
2025-11-05T19:46:13.425Z In(05) vmx PCIXHCI: SuperSpeed20Gbps(USB3.2) is supported by xHCI.
2025-11-05T19:46:13.425Z In(05) vmx USB: PowerOnCreateDevice 'usb_xhci:4' #4, found port 25A4B8E1CD8.
2025-11-05T19:46:13.425Z No(00) vmx ConfigDB: Setting usb_xhci:4.present = "TRUE"
2025-11-05T19:46:13.425Z No(00) vmx ConfigDB: Setting usb_xhci:4.deviceType = "hid"
2025-11-05T19:46:13.425Z No(00) vmx ConfigDB: Setting usb_xhci:4.port = "4"
2025-11-05T19:46:13.425Z No(00) vmx ConfigDB: Setting usb_xhci:4.parent = "-1"
2025-11-05T19:46:13.431Z No(00) vmx ConfigDB: Setting vmci0.id = "-406443992"
2025-11-05T19:46:13.437Z In(05) vmx AHCI:Successfully created adapter 'sata0' as num 0
2025-11-05T19:46:13.437Z In(05) vmx SCSI DEVICE (sata0:1): Computed value of sata0:1.useBounceBuffers: default
2025-11-05T19:46:13.437Z In(05) vmx DISKUTIL: sata0:1 : capacity=0 logical sector size=2048
2025-11-05T19:46:13.437Z In(05) vmx DISKUTIL: sata0:1 : geometry=0/0/0
2025-11-05T19:46:13.437Z In(05) vmx AHCI:Creating ATAPI CDROM on SATA adapter.
2025-11-05T19:46:13.437Z In(05) vmx AHCI:Successfully created device: sata0:1
2025-11-05T19:46:13.437Z In(05) vmx SCSI: nvme0: intr coalescing: on period=50msec cifTh=4 iopsTh=2000 hlt=0
2025-11-05T19:46:13.437Z In(05) vmx NVME-CORE: nvme0: useDeviceThread=1
2025-11-05T19:46:13.437Z In(05) vmx SCSI10: UNTAGGED commands will be converted to ORDER tags.
2025-11-05T19:46:13.437Z In(05) vmx NVME-CORE: Doing a full reset of controller regs and queues.
2025-11-05T19:46:13.437Z In(05) vmx NVME-CORE:Successfully created adapter 'nvme0' as num 0
2025-11-05T19:46:13.437Z In(05) vmx NVME-CORE:Creating Hard Disk (devIdx:0) on NVME adapter.
2025-11-05T19:46:13.437Z In(05) vmx SCSI DEVICE (nvme0:0): Computed value of nvme0:0.useBounceBuffers: default
2025-11-05T19:46:13.437Z In(05) vmx DISKUTIL: nvme0:0 : capacity=125829120 logical sector size=512
2025-11-05T19:46:13.437Z In(05) vmx DISKUTIL: nvme0:0 : geometry=7832/255/63
2025-11-05T19:46:13.437Z In(05) vmx NVME-CORE:Successfully created device: nvme0:0
2025-11-05T19:46:13.439Z In(05) vmx WORKER: Creating new group with maxThreads=1 (19)
2025-11-05T19:46:13.439Z In(05) vmx DISKUTIL: (null) : max toolsVersion = 0, type = 0
2025-11-05T19:46:13.439Z In(05) vmx DISKUTIL: Offline toolsVersion = 0, type = 0
2025-11-05T19:46:13.439Z In(05) vmx TOOLS setting legacy tools version to '0' type 0, manifest status is 9
2025-11-05T19:46:13.440Z In(05) vmx ToolsISO: Refreshing imageName for 'windows2019srv-64' (refreshCount=1, lastCount=1).
2025-11-05T19:46:13.440Z In(05) vmx ToolsISO: open of C:\Program Files (x86)\VMware\VMware Workstation\isoimages_manifest.txt.sig failed: Could not find the file
2025-11-05T19:46:13.440Z In(05) vmx ToolsISO: Unable to read signature file 'C:\Program Files (x86)\VMware\VMware Workstation\isoimages_manifest.txt.sig', ignoring.
2025-11-05T19:46:13.440Z In(05) vmx ToolsISO: Updated cached value for imageName to 'windows.iso'.
2025-11-05T19:46:13.440Z In(05) vmx ToolsISO: Selected Tools ISO 'windows.iso' for 'windows2019srv-64' guest.
2025-11-05T19:46:13.440Z In(05) vmx TOOLS updated cached value for isoImageExists to 1.
2025-11-05T19:46:13.440Z In(05) vmx VMXVmdb_SetToolsVersionStatus: status value set to 'noTools', 'noTools', install possible
2025-11-05T19:46:13.440Z In(05) vmx ToolsISO: Refreshing imageName for 'windows2019srv-64' (refreshCount=1, lastCount=1).
2025-11-05T19:46:13.440Z In(05) vmx ToolsISO: open of C:\Program Files (x86)\VMware\VMware Workstation\isoimages_manifest.txt.sig failed: Could not find the file
2025-11-05T19:46:13.440Z In(05) vmx ToolsISO: Unable to read signature file 'C:\Program Files (x86)\VMware\VMware Workstation\isoimages_manifest.txt.sig', ignoring.
2025-11-05T19:46:13.441Z In(05) vmx ToolsISO: Updated cached value for imageName to 'windows.iso'.
2025-11-05T19:46:13.441Z In(05) vmx ToolsISO: Selected Tools ISO 'windows.iso' for 'windows2019srv-64' guest.
2025-11-05T19:46:13.441Z In(05) vmx TOOLS updated cached value for isoImageExists to 1.
2025-11-05T19:46:13.441Z In(05) vmx VMXVmdb_SetToolsVersionStatus: status value set to 'noTools', 'noTools', install possible
2025-11-05T19:46:13.441Z In(05) vmx Tools: sending 'OS_PowerOn' (state = 3) state change request
2025-11-05T19:46:13.441Z In(05) vmx Tools: Delaying state change request to state 3.
2025-11-05T19:46:13.441Z In(05) vmx ToolsISO: Refreshing imageName for 'windows2019srv-64' (refreshCount=1, lastCount=1).
2025-11-05T19:46:13.441Z In(05) vmx ToolsISO: open of C:\Program Files (x86)\VMware\VMware Workstation\isoimages_manifest.txt.sig failed: Could not find the file
2025-11-05T19:46:13.441Z In(05) vmx ToolsISO: Unable to read signature file 'C:\Program Files (x86)\VMware\VMware Workstation\isoimages_manifest.txt.sig', ignoring.
2025-11-05T19:46:13.442Z In(05) vmx ToolsISO: Updated cached value for imageName to 'windows.iso'.
2025-11-05T19:46:13.442Z In(05) vmx ToolsISO: Selected Tools ISO 'windows.iso' for 'windows2019srv-64' guest.
2025-11-05T19:46:13.442Z In(05) vmx MsgHint: msg.tools.toolsReminder
2025-11-05T19:46:13.442Z In(05)+ vmx Install the VMware Tools package inside this virtual machine. After the guest operating system starts, select VM > Install VMware Tools… and follow the instructions.
2025-11-05T19:46:13.442Z In(05)+ vmx ---------------------------------------
2025-11-05T19:46:13.463Z In(05) vmx TOOLS INSTALL initializing state to IDLE on power on.
2025-11-05T19:46:13.463Z In(05) vmx TOOLS INSTALL updating Rpc handlers registration.
2025-11-05T19:46:13.463Z In(05) vmx TOOLS INSTALL register RPC: upgrader.setGuestFileRoot
2025-11-05T19:46:13.463Z In(05) vmx TOOLS INSTALL register RPC: toolinstall.is_image_inserted
2025-11-05T19:46:13.463Z In(05) vmx TOOLS INSTALL register RPC: toolinstall.installerActive
2025-11-05T19:46:13.463Z In(05) vmx TOOLS INSTALL register RPC: guest.upgrader_send_cmd_line_args
2025-11-05T19:46:13.463Z In(05) vmx P9FS_PowerOn: 9PFS server is not enabled.
2025-11-05T19:46:13.463Z In(05) vmx HgfsServerManagerVigorInit: Initialize: dev api
2025-11-05T19:46:13.463Z In(05) vmx MKSBackdoor: Copy/paste enabled = 1
2025-11-05T19:46:13.464Z In(05) vmx pvnvram: SecureBootMode value: 0
2025-11-05T19:46:13.465Z In(05) vmx pvnvram: Transitioning to: SecureBootModeDisabled.
2025-11-05T19:46:13.465Z In(05) vmx DEPLOYPKG: No pending deploy package name set
2025-11-05T19:46:13.465Z In(05) vmx DEPLOYPKG: ToolsDeployPkgPublishState: state=0, code=0, message=(null)
2025-11-05T19:46:13.467Z In(05) vmx MonPmc: ctrBase 0x4c1 selBase 0x186/1 PGC 1/1 SMM 1 drain 0 AMD 0
2025-11-05T19:46:13.467Z In(05)+ vmx MonPmc:   gen counters num: 4 width 48 write width 48
2025-11-05T19:46:13.467Z In(05)+ vmx MonPmc:   fix counters num: 3 width 48; version 4
2025-11-05T19:46:13.467Z In(05)+ vmx MonPmc:   unavailable counters: 0x70000000f
2025-11-05T19:46:13.482Z No(00) vmx ConfigDB: Setting monitor.phys_bits_used = "45"
2025-11-05T19:46:13.482Z In(05) vmx Full guest CPUID with differences from hostCPUID highlighted.
2025-11-05T19:46:13.482Z In(05) vmx guest vs. host CPUID guest vendor: GenuineIntel
2025-11-05T19:46:13.482Z In(05) vmx guest vs. host CPUID guest family: 0x6 model: 0xa5 stepping: 0x2
2025-11-05T19:46:13.482Z In(05) vmx guest vs. host CPUID guest codename: Comet Lake S
2025-11-05T19:46:13.482Z In(05) vmx guest vs. host CPUID guest name: Intel(R) Core(TM) i7-10750H CPU @ 2.60GHz
2025-11-05T19:46:13.482Z In(05) vmx guest vs. host CPUID       level eaxIn, ecxIn:        eax        ebx        ecx        edx
2025-11-05T19:46:13.482Z In(05) vmx guest vs. host CPUID guest level 00000000,  0: 0x00000016 0x756e6547 0x6c65746e 0x49656e69
2025-11-05T19:46:13.482Z In(05) vmx guest vs. host CPUID guest level 00000001,  0: 0x000a0652 0x00010800 0xf7fa3203 0x0f8bfbff
2025-11-05T19:46:13.482Z In(05) vmx guest vs. host CPUID *host level 00000001,  0: 0x000a0652 0x00100800 0x7ffafbbf 0xbfebfbff
2025-11-05T19:46:13.482Z In(05) vmx guest vs. host CPUID guest level 00000002,  0: 0x76036301 0x00f0b5ff 0x00000000 0x00c30000
2025-11-05T19:46:13.482Z In(05) vmx guest vs. host CPUID guest level 00000004,  0: 0x00000121 0x01c0003f 0x0000003f 0x00000000
2025-11-05T19:46:13.482Z In(05) vmx guest vs. host CPUID *host level 00000004,  0: 0x1c004121 0x01c0003f 0x0000003f 0x00000000
2025-11-05T19:46:13.482Z In(05) vmx guest vs. host CPUID guest level 00000004,  1: 0x00000122 0x01c0003f 0x0000003f 0x00000000
2025-11-05T19:46:13.482Z In(05) vmx guest vs. host CPUID *host level 00000004,  1: 0x1c004122 0x01c0003f 0x0000003f 0x00000000
2025-11-05T19:46:13.482Z In(05) vmx guest vs. host CPUID guest level 00000004,  2: 0x00000143 0x00c0003f 0x000003ff 0x00000000
2025-11-05T19:46:13.482Z In(05) vmx guest vs. host CPUID *host level 00000004,  2: 0x1c004143 0x00c0003f 0x000003ff 0x00000000
2025-11-05T19:46:13.482Z In(05) vmx guest vs. host CPUID guest level 00000004,  3: 0x00000163 0x03c0003f 0x00002fff 0x00000006
2025-11-05T19:46:13.482Z In(05) vmx guest vs. host CPUID *host level 00000004,  3: 0x1c03c163 0x03c0003f 0x00002fff 0x00000006
2025-11-05T19:46:13.482Z In(05) vmx guest vs. host CPUID guest level 00000006,  0: 0x00000004 0x00000000 0x00000000 0x00000000
2025-11-05T19:46:13.482Z In(05) vmx guest vs. host CPUID *host level 00000006,  0: 0x000027f7 0x00000002 0x00000009 0x00000000
2025-11-05T19:46:13.482Z In(05) vmx guest vs. host CPUID guest level 00000007,  0: 0x00000000 0x009c27ab 0x00000008 0xbc000400
2025-11-05T19:46:13.482Z In(05) vmx guest vs. host CPUID *host level 00000007,  0: 0x00000000 0x029c67af 0x40000008 0xbc000600
2025-11-05T19:46:13.482Z In(05) vmx guest vs. host CPUID guest level 0000000a,  0: 0x07300401 0x000000ff 0x00000000 0x00000000
2025-11-05T19:46:13.482Z In(05) vmx guest vs. host CPUID *host level 0000000a,  0: 0x07300404 0x00000000 0x00000000 0x00000603
2025-11-05T19:46:13.482Z In(05) vmx guest vs. host CPUID guest level 0000000b,  0: 0x00000000 0x00000001 0x00000100 0x00000000
2025-11-05T19:46:13.482Z In(05) vmx guest vs. host CPUID *host level 0000000b,  0: 0x00000001 0x00000002 0x00000100 0x00000000
2025-11-05T19:46:13.482Z In(05) vmx guest vs. host CPUID guest level 0000000b,  1: 0x00000000 0x00000001 0x00000201 0x00000000
2025-11-05T19:46:13.482Z In(05) vmx guest vs. host CPUID *host level 0000000b,  1: 0x00000004 0x0000000c 0x00000201 0x00000000
2025-11-05T19:46:13.482Z In(05) vmx guest vs. host CPUID guest level 0000000d,  0: 0x00000207 0x00000a88 0x00000a88 0x00000000
2025-11-05T19:46:13.482Z In(05) vmx guest vs. host CPUID *host level 0000000d,  0: 0x0000021f 0x00000440 0x00000a88 0x00000000
2025-11-05T19:46:13.482Z In(05) vmx guest vs. host CPUID guest level 0000000d,  1: 0x0000000f 0x00000440 0x00000000 0x00000000
2025-11-05T19:46:13.482Z In(05) vmx guest vs. host CPUID *host level 0000000d,  1: 0x0000000f 0x00000440 0x00000100 0x00000000
2025-11-05T19:46:13.482Z In(05) vmx guest vs. host CPUID guest level 0000000d,  2: 0x00000100 0x00000240 0x00000000 0x00000000
2025-11-05T19:46:13.482Z In(05) vmx guest vs. host CPUID guest level 0000000d,  9: 0x00000008 0x00000a80 0x00000000 0x00000000
2025-11-05T19:46:13.482Z In(05) vmx guest vs. host CPUID guest level 00000014,  0: 0x00000000 0x00000000 0x00000000 0x00000000
2025-11-05T19:46:13.482Z In(05) vmx guest vs. host CPUID *host level 00000014,  0: 0x00000001 0x0000000f 0x00000007 0x00000000
2025-11-05T19:46:13.482Z In(05) vmx guest vs. host CPUID guest level 00000014,  1: 0x00000000 0x00000000 0x00000000 0x00000000
2025-11-05T19:46:13.482Z In(05) vmx guest vs. host CPUID *host level 00000014,  1: 0x02490002 0x003f3fff 0x00000000 0x00000000
2025-11-05T19:46:13.482Z In(05) vmx guest vs. host CPUID guest level 00000015,  0: 0x00000000 0x00000000 0x00000000 0x00000000
2025-11-05T19:46:13.482Z In(05) vmx guest vs. host CPUID *host level 00000015,  0: 0x00000002 0x000000d8 0x00000000 0x00000000
2025-11-05T19:46:13.482Z In(05) vmx guest vs. host CPUID guest level 00000016,  0: 0x00000000 0x00000000 0x00000000 0x00000000
2025-11-05T19:46:13.482Z In(05) vmx guest vs. host CPUID *host level 00000016,  0: 0x00000a28 0x00001388 0x00000064 0x00000000
2025-11-05T19:46:13.482Z In(05) vmx guest vs. host CPUID guest level 40000000,  0: 0x40000010 0x61774d56 0x4d566572 0x65726177
2025-11-05T19:46:13.482Z In(05) vmx guest vs. host CPUID guest level 40000001,  0: 0x31237648 0x00000000 0x00000000 0x00000000
2025-11-05T19:46:13.482Z In(05) vmx guest vs. host CPUID guest level 40000003,  0: 0x00000e7e 0x00000000 0x00000000 0x000a0528
2025-11-05T19:46:13.482Z In(05) vmx guest vs. host CPUID guest level 40000004,  0: 0x00000220 0x00000000 0x00000000 0x00000000
2025-11-05T19:46:13.482Z In(05) vmx guest vs. host CPUID guest level 40000005,  0: 0xffffffff 0x00000000 0x00000000 0x00000000
2025-11-05T19:46:13.482Z In(05) vmx guest vs. host CPUID guest level 40000010,  0: 0x00278d03 0x000101d0 0x00000002 0x00000000
2025-11-05T19:46:13.482Z In(05) vmx guest vs. host CPUID guest level 80000000,  0: 0x80000008 0x00000000 0x00000000 0x00000000
2025-11-05T19:46:13.482Z In(05) vmx guest vs. host CPUID guest level 80000001,  0: 0x00000000 0x00000000 0x00000121 0x2c100800
2025-11-05T19:46:13.482Z In(05) vmx guest vs. host CPUID guest level 80000002,  0: 0x65746e49 0x2952286c 0x726f4320 0x4d542865
2025-11-05T19:46:13.482Z In(05) vmx guest vs. host CPUID guest level 80000003,  0: 0x37692029 0x3730312d 0x20483035 0x20555043
2025-11-05T19:46:13.482Z In(05) vmx guest vs. host CPUID guest level 80000004,  0: 0x2e322040 0x48473036 0x0000007a 0x00000000
2025-11-05T19:46:13.482Z In(05) vmx guest vs. host CPUID guest level 80000006,  0: 0x00000000 0x00000000 0x01006040 0x00000000
2025-11-05T19:46:13.482Z In(05) vmx guest vs. host CPUID guest level 80000007,  0: 0x00000000 0x00000000 0x00000000 0x00000100
2025-11-05T19:46:13.482Z In(05) vmx guest vs. host CPUID guest level 80000008,  0: 0x0000302d 0x00000000 0x00000000 0x00000000
2025-11-05T19:46:13.482Z In(05) vmx guest vs. host CPUID *host level 80000008,  0: 0x00003027 0x00000000 0x00000000 0x00000000
2025-11-05T19:46:13.482Z In(05) vmx Minimum ucode level: 0x000000fc
2025-11-05T19:46:13.482Z In(05) vmx VPMC: events will use hybrid freeze.
2025-11-05T19:46:13.482Z In(05) vmx VPMC: gen counters: num 4 mask 0xffffffffffff
2025-11-05T19:46:13.482Z In(05) vmx VPMC: fix counters: num 0 mask 0; version 1
2025-11-05T19:46:13.482Z In(05) vmx VPMC: hardware counters: 0
2025-11-05T19:46:13.482Z In(05) vmx VPMC: perf capabilities: 0x2000
2025-11-05T19:46:13.482Z In(05) vmx Guest MSR IA32_ARCH_CAPABILITIES 0x10a = 0x8002b
2025-11-05T19:46:13.483Z In(05) vmx SVGA-PCI: BAR gfbSize=134217728, fifoSize=8388608
2025-11-05T19:46:13.483Z In(05) vmx SVGA: SVGA_REG_MEMORY_SIZE=134217728
2025-11-05T19:46:13.483Z In(05) vmx SVGA: SVGA_REG_VRAM_SIZE=134217728
2025-11-05T19:46:13.483Z In(05) vmx SVGA: Final Device caps : 0xfdff83e2
2025-11-05T19:46:13.483Z In(05) vmx SVGA: Final Device caps2: 0x0005efff
2025-11-05T19:46:13.483Z In(05) vmx BusMemSampleSetUpStats: touched: initPct 75 pages 393216 : dirtied: initPct 75 pages 393216
2025-11-05T19:46:13.483Z In(05) vmx MemSched: caller 1 numvm 2 locked pages: num 238918 max 3442944
2025-11-05T19:46:13.483Z In(05) vmx MemSched: locked Page Limit: host 3460817 config 3459328
2025-11-05T19:46:13.483Z In(05) vmx MemSched: minmempct 50  timestamp 238578
2025-11-05T19:46:13.483Z In(05) vmx MemSched: VM 0 min 305065 max 567209 shares 524288 paged 608407 nonpaged 34881 anonymous 8040 locked 237296 touchedPct 29 dirtiedPct 28 timestamp 238578 vmResponsive is 1
2025-11-05T19:46:13.483Z In(05) vmx MemSched: VM 1 min 308818 max 570962 shares 524288 paged 608922 nonpaged 39979 anonymous 6695 locked 1622 touchedPct 75 dirtiedPct 75 timestamp 238578 vmResponsive is 1
2025-11-05T19:46:13.483Z In(05) vmx MemSched: locked 1622 target 570962 balloon 0 0 0 swapped 0 0 allocd 0 512 state 0 100
2025-11-05T19:46:13.483Z In(05) vmx MemSched: states: 0 1 : 1 0 : 2 0 : 3 0
2025-11-05T19:46:13.483Z In(05) vmx MemSched: Balloon enabled 1 guestType 0 maxSize 0
2025-11-05T19:46:13.483Z In(05) vmx PStrIntern expansion: nBkts=256
2025-11-05T19:46:13.483Z In(05) vmx FeatureCompat: Capabilities:
2025-11-05T19:46:13.483Z In(05) vmx Capability Found: cpuid.sse3 = 1
2025-11-05T19:46:13.483Z In(05) vmx Capability Found: cpuid.pclmulqdq = 1
2025-11-05T19:46:13.483Z In(05) vmx Capability Found: cpuid.mwait = 1
2025-11-05T19:46:13.483Z In(05) vmx Capability Found: cpuid.vmx = 1
2025-11-05T19:46:13.483Z In(05) vmx Capability Found: cpuid.ssse3 = 1
2025-11-05T19:46:13.483Z In(05) vmx Capability Found: cpuid.fma = 1
2025-11-05T19:46:13.483Z In(05) vmx Capability Found: cpuid.cmpxchg16b = 1
2025-11-05T19:46:13.483Z In(05) vmx Capability Found: cpuid.pcid = 1
2025-11-05T19:46:13.483Z In(05) vmx Capability Found: cpuid.sse41 = 1
2025-11-05T19:46:13.483Z In(05) vmx Capability Found: cpuid.sse42 = 1
2025-11-05T19:46:13.483Z In(05) vmx Capability Found: cpuid.movbe = 1
2025-11-05T19:46:13.483Z In(05) vmx Capability Found: cpuid.popcnt = 1
2025-11-05T19:46:13.484Z In(05) vmx Capability Found: cpuid.aes = 1
2025-11-05T19:46:13.484Z In(05) vmx Capability Found: cpuid.xsave = 1
2025-11-05T19:46:13.484Z In(05) vmx Capability Found: cpuid.avx = 1
2025-11-05T19:46:13.484Z In(05) vmx Capability Found: cpuid.f16c = 1
2025-11-05T19:46:13.484Z In(05) vmx Capability Found: cpuid.rdrand = 1
2025-11-05T19:46:13.484Z In(05) vmx Capability Found: cpuid.ds = 1
2025-11-05T19:46:13.484Z In(05) vmx Capability Found: cpuid.ss = 1
2025-11-05T19:46:13.484Z In(05) vmx Capability Found: cpuid.fsgsbase = 1
2025-11-05T19:46:13.484Z In(05) vmx Capability Found: cpuid.bmi1 = 1
2025-11-05T19:46:13.484Z In(05) vmx Capability Found: cpuid.avx2 = 1
2025-11-05T19:46:13.484Z In(05) vmx Capability Found: cpuid.smep = 1
2025-11-05T19:46:13.484Z In(05) vmx Capability Found: cpuid.bmi2 = 1
2025-11-05T19:46:13.484Z In(05) vmx Capability Found: cpuid.enfstrg = 1
2025-11-05T19:46:13.484Z In(05) vmx Capability Found: cpuid.invpcid = 1
2025-11-05T19:46:13.484Z In(05) vmx Capability Found: cpuid.rdseed = 1
2025-11-05T19:46:13.484Z In(05) vmx Capability Found: cpuid.adx = 1
2025-11-05T19:46:13.484Z In(05) vmx Capability Found: cpuid.smap = 1
2025-11-05T19:46:13.484Z In(05) vmx Capability Found: cpuid.clflushopt = 1
2025-11-05T19:46:13.484Z In(05) vmx Capability Found: cpuid.pku = 1
2025-11-05T19:46:13.484Z In(05) vmx Capability Found: cpuid.mdclear = 1
2025-11-05T19:46:13.484Z In(05) vmx Capability Found: cpuid.stibp = 1
2025-11-05T19:46:13.484Z In(05) vmx Capability Found: cpuid.fcmd = 1
2025-11-05T19:46:13.484Z In(05) vmx Capability Found: cpuid.ssbd = 1
2025-11-05T19:46:13.484Z In(05) vmx Capability Found: cpuid.xcr0_master_sse = 1
2025-11-05T19:46:13.484Z In(05) vmx Capability Found: cpuid.xcr0_master_ymm_h = 1
2025-11-05T19:46:13.484Z In(05) vmx Capability Found: cpuid.xcr0_master_bndregs = 1
2025-11-05T19:46:13.484Z In(05) vmx Capability Found: cpuid.xcr0_master_bndcsr = 1
2025-11-05T19:46:13.484Z In(05) vmx Capability Found: cpuid.xcr0_master_pkru = 1
2025-11-05T19:46:13.484Z In(05) vmx Capability Found: cpuid.xsaveopt = 1
2025-11-05T19:46:13.484Z In(05) vmx Capability Found: cpuid.xsavec = 1
2025-11-05T19:46:13.484Z In(05) vmx Capability Found: cpuid.xgetbv_ecx1 = 1
2025-11-05T19:46:13.484Z In(05) vmx Capability Found: cpuid.xsaves = 1
2025-11-05T19:46:13.484Z In(05) vmx Capability Found: cpuid.lahf64 = 1
2025-11-05T19:46:13.484Z In(05) vmx Capability Found: cpuid.abm = 1
2025-11-05T19:46:13.484Z In(05) vmx Capability Found: cpuid.3dnprefetch = 1
2025-11-05T19:46:13.484Z In(05) vmx Capability Found: cpuid.nx = 1
2025-11-05T19:46:13.484Z In(05) vmx Capability Found: cpuid.pdpe1gb = 1
2025-11-05T19:46:13.484Z In(05) vmx Capability Found: cpuid.rdtscp = 1
2025-11-05T19:46:13.484Z In(05) vmx Capability Found: cpuid.lm = 1
2025-11-05T19:46:13.484Z In(05) vmx Capability Found: cpuid.intel = 1
2025-11-05T19:46:13.484Z In(05) vmx Capability Found: cpuid.ibrs = 1
2025-11-05T19:46:13.484Z In(05) vmx Capability Found: cpuid.ibpb = 1
2025-11-05T19:46:13.484Z In(05) vmx Capability Found: cpuid.mpx = 1
2025-11-05T19:46:13.484Z In(05) vmx Capability Found: hv.capable = 1
2025-11-05T19:46:13.484Z In(05) vmx Capability Found: vt.realmode = 1
2025-11-05T19:46:13.484Z In(05) vmx Capability Found: vt.mbx = 1
2025-11-05T19:46:13.484Z In(05) vmx Capability Found: misc.cpuidfaulting = 1
2025-11-05T19:46:13.484Z In(05) vmx Capability Found: vt.advexitinfo = 1
2025-11-05T19:46:13.484Z In(05) vmx Capability Found: vt.eptad = 1
2025-11-05T19:46:13.484Z In(05) vmx Capability Found: vt.ple = 1
2025-11-05T19:46:13.484Z In(05) vmx Capability Found: vt.zeroinstlen = 1
2025-11-05T19:46:13.484Z In(05) vmx Capability Found: misc.rdcl_no = 1
2025-11-05T19:46:13.484Z In(05) vmx Capability Found: misc.ibrs_all = 1
2025-11-05T19:46:13.484Z In(05) vmx Capability Found: misc.rsba_no = 1
2025-11-05T19:46:13.484Z In(05) vmx Capability Found: misc.mds_no = 1
2025-11-05T19:46:13.484Z In(05) vmx FeatureCompat: Requirements:
2025-11-05T19:46:13.484Z In(05) vmx VM Features Required: cpuid.sse3 - Bool:Min:1
2025-11-05T19:46:13.484Z In(05) vmx VM Features Required: cpuid.pclmulqdq - Bool:Min:1
2025-11-05T19:46:13.484Z In(05) vmx VM Features Required: cpuid.ssse3 - Bool:Min:1
2025-11-05T19:46:13.484Z In(05) vmx VM Features Required: cpuid.fma - Bool:Min:1
2025-11-05T19:46:13.484Z In(05) vmx VM Features Required: cpuid.cmpxchg16b - Bool:Min:1
2025-11-05T19:46:13.484Z In(05) vmx VM Features Required: cpuid.pcid - Bool:Min:1
2025-11-05T19:46:13.484Z In(05) vmx VM Features Required: cpuid.sse41 - Bool:Min:1
2025-11-05T19:46:13.484Z In(05) vmx VM Features Required: cpuid.sse42 - Bool:Min:1
2025-11-05T19:46:13.484Z In(05) vmx VM Features Required: cpuid.movbe - Bool:Min:1
2025-11-05T19:46:13.484Z In(05) vmx VM Features Required: cpuid.popcnt - Bool:Min:1
2025-11-05T19:46:13.484Z In(05) vmx VM Features Required: cpuid.aes - Bool:Min:1
2025-11-05T19:46:13.484Z In(05) vmx VM Features Required: cpuid.xsave - Bool:Min:1
2025-11-05T19:46:13.484Z In(05) vmx VM Features Required: cpuid.avx - Bool:Min:1
2025-11-05T19:46:13.484Z In(05) vmx VM Features Required: cpuid.f16c - Bool:Min:1
2025-11-05T19:46:13.484Z In(05) vmx VM Features Required: cpuid.rdrand - Bool:Min:1
2025-11-05T19:46:13.484Z In(05) vmx VM Features Required: cpuid.ss - Bool:Min:1
2025-11-05T19:46:13.484Z In(05) vmx VM Features Required: cpuid.fsgsbase - Bool:Min:1
2025-11-05T19:46:13.484Z In(05) vmx VM Features Required: cpuid.bmi1 - Bool:Min:1
2025-11-05T19:46:13.484Z In(05) vmx VM Features Required: cpuid.avx2 - Bool:Min:1
2025-11-05T19:46:13.484Z In(05) vmx VM Features Required: cpuid.smep - Bool:Min:1
2025-11-05T19:46:13.484Z In(05) vmx VM Features Required: cpuid.bmi2 - Bool:Min:1
2025-11-05T19:46:13.484Z In(05) vmx VM Features Required: cpuid.enfstrg - Bool:Min:1
2025-11-05T19:46:13.484Z In(05) vmx VM Features Required: cpuid.invpcid - Bool:Min:1
2025-11-05T19:46:13.484Z In(05) vmx VM Features Required: cpuid.rdseed - Bool:Min:1
2025-11-05T19:46:13.484Z In(05) vmx VM Features Required: cpuid.adx - Bool:Min:1
2025-11-05T19:46:13.484Z In(05) vmx VM Features Required: cpuid.smap - Bool:Min:1
2025-11-05T19:46:13.484Z In(05) vmx VM Features Required: cpuid.clflushopt - Bool:Min:1
2025-11-05T19:46:13.484Z In(05) vmx VM Features Required: cpuid.pku - Bool:Min:1
2025-11-05T19:46:13.484Z In(05) vmx VM Features Required: cpuid.mdclear - Bool:Min:1
2025-11-05T19:46:13.484Z In(05) vmx VM Features Required: cpuid.stibp - Bool:Min:1
2025-11-05T19:46:13.484Z In(05) vmx VM Features Required: cpuid.fcmd - Bool:Min:1
2025-11-05T19:46:13.484Z In(05) vmx VM Features Required: cpuid.ssbd - Bool:Min:1
2025-11-05T19:46:13.484Z In(05) vmx VM Features Required: cpuid.xcr0_master_sse - Bool:Min:1
2025-11-05T19:46:13.484Z In(05) vmx VM Features Required: cpuid.xcr0_master_ymm_h - Bool:Min:1
2025-11-05T19:46:13.484Z In(05) vmx VM Features Required: cpuid.xcr0_master_pkru - Bool:Min:1
2025-11-05T19:46:13.484Z In(05) vmx VM Features Required: cpuid.xsaveopt - Bool:Min:1
2025-11-05T19:46:13.484Z In(05) vmx VM Features Required: cpuid.xsavec - Bool:Min:1
2025-11-05T19:46:13.484Z In(05) vmx VM Features Required: cpuid.xgetbv_ecx1 - Bool:Min:1
2025-11-05T19:46:13.484Z In(05) vmx VM Features Required: cpuid.xsaves - Bool:Min:1
2025-11-05T19:46:13.484Z In(05) vmx VM Features Required: cpuid.lahf64 - Bool:Min:1
2025-11-05T19:46:13.484Z In(05) vmx VM Features Required: cpuid.abm - Bool:Min:1
2025-11-05T19:46:13.484Z In(05) vmx VM Features Required: cpuid.3dnprefetch - Bool:Min:1
2025-11-05T19:46:13.484Z In(05) vmx VM Features Required: cpuid.nx - Bool:Min:1
2025-11-05T19:46:13.484Z In(05) vmx VM Features Required: cpuid.pdpe1gb - Bool:Min:1
2025-11-05T19:46:13.484Z In(05) vmx VM Features Required: cpuid.rdtscp - Bool:Min:1
2025-11-05T19:46:13.484Z In(05) vmx VM Features Required: cpuid.lm - Bool:Min:1
2025-11-05T19:46:13.484Z In(05) vmx VM Features Required: cpuid.intel - Bool:Min:1
2025-11-05T19:46:13.484Z In(05) vmx VM Features Required: cpuid.ibrs - Bool:Min:1
2025-11-05T19:46:13.484Z In(05) vmx VM Features Required: cpuid.ibpb - Bool:Min:1
2025-11-05T19:46:13.484Z In(05) vmx VM Features Required: misc.rdcl_no - Bool:Min:1
2025-11-05T19:46:13.484Z In(05) vmx VM Features Required: misc.ibrs_all - Bool:Min:1
2025-11-05T19:46:13.484Z In(05) vmx VM Features Required: misc.rsba_no - Bool:Min:1
2025-11-05T19:46:13.484Z In(05) vmx VM Features Required: misc.mds_no - Bool:Min:1
2025-11-05T19:46:13.486Z In(05) vmx TOOLS received request in VMX to set option 'enableDnD' -> '1'
2025-11-05T19:46:13.487Z In(05) vmx 
2025-11-05T19:46:13.487Z In(05)+ vmx OvhdMem: Static (Power On) Overheads
2025-11-05T19:46:13.487Z In(05) vmx                                                       reserved      |          used
2025-11-05T19:46:13.487Z In(05) vmx OvhdMem excluded                                  cur    max    avg |    cur    max    avg
2025-11-05T19:46:13.487Z In(05) vmx OvhdMem OvhdUser_MainMem                    :  524288 524288      - |      0      0      -
2025-11-05T19:46:13.487Z In(05) vmx OvhdMem OvhdUser_VmxText                    :    7936   7936      - |      0      0      -
2025-11-05T19:46:13.487Z In(05) vmx OvhdMem OvhdUser_VmxTextLibs                :   17408  17408      - |      0      0      -
2025-11-05T19:46:13.487Z In(05) vmx OvhdMem Total excluded                      :  549632 549632      - |      -      -      -
2025-11-05T19:46:13.487Z In(05) vmx OvhdMem Actual maximum                      :         549632        |             -
2025-11-05T19:46:13.487Z In(05)+ vmx 
2025-11-05T19:46:13.487Z In(05) vmx                                                       reserved      |          used
2025-11-05T19:46:13.487Z In(05) vmx OvhdMem paged                                     cur    max    avg |    cur    max    avg
2025-11-05T19:46:13.487Z In(05) vmx OvhdMem OvhdUser_STATS_vmm                  :       4      4      - |      0      0      -
2025-11-05T19:46:13.487Z In(05) vmx OvhdMem OvhdUser_STATS_device               :       2      2      - |      0      0      -
2025-11-05T19:46:13.487Z In(05) vmx OvhdMem OvhdUser_SvgaMobFallback            :  196608 196608      - |      0      0      -
2025-11-05T19:46:13.487Z In(05) vmx OvhdMem OvhdUser_DiskLibMemUsed             :    3075   3075      - |      0      0      -
2025-11-05T19:46:13.487Z In(05) vmx OvhdMem OvhdUser_SvgaSurfaceTable           :       6      6      - |      0      0      -
2025-11-05T19:46:13.487Z In(05) vmx OvhdMem OvhdUser_SvgaSDirtyCache            :      96     96      - |      0      0      -
2025-11-05T19:46:13.487Z In(05) vmx OvhdMem OvhdUser_SvgaCursor                 :      10     10      - |     10     10      -
2025-11-05T19:46:13.487Z In(05) vmx OvhdMem OvhdUser_SvgaPPNList                :     258    258      - |      0      0      -
2025-11-05T19:46:13.487Z In(05) vmx OvhdMem OvhdUser_VmxGlobals                 :   10240  10240      - |      0      0      -
2025-11-05T19:46:13.487Z In(05) vmx OvhdMem OvhdUser_VmxGlobalsLibs             :    3584   3584      - |      0      0      -
2025-11-05T19:46:13.487Z In(05) vmx OvhdMem OvhdUser_VmxHeap                    :    8704   8704      - |      0      0      -
2025-11-05T19:46:13.487Z In(05) vmx OvhdMem OvhdUser_VmxMks                     :      49     49      - |      0      0      -
2025-11-05T19:46:13.487Z In(05) vmx OvhdMem OvhdUser_VmxMksRenderOps            :     678    678      - |    492    492      -
2025-11-05T19:46:13.487Z In(05) vmx OvhdMem OvhdUser_VmxMks3d                   :   65537  65537      - |      0      0      -
2025-11-05T19:46:13.487Z In(05) vmx OvhdMem OvhdUser_VmxMksScreenTemp           :   69890  69890      - |      0      0      -
2025-11-05T19:46:13.487Z In(05) vmx OvhdMem OvhdUser_VmxMksVnc                  :   74936  74936      - |      0      0      -
2025-11-05T19:46:13.487Z In(05) vmx OvhdMem OvhdUser_VmxMksScreen               :  131075 131075      - |      0      0      -
2025-11-05T19:46:13.487Z In(05) vmx OvhdMem OvhdUser_VmxMksSVGAVO               :    4096   4096      - |      0      0      -
2025-11-05T19:46:13.487Z In(05) vmx OvhdMem OvhdUser_VmxMksSwbCursor            :    4096   4096      - |      0      0      -
2025-11-05T19:46:13.487Z In(05) vmx OvhdMem OvhdUser_VmxPhysMemErrPages         :      10     10      - |      0      0      -
2025-11-05T19:46:13.487Z In(05) vmx OvhdMem OvhdUser_VmxSLEntryBuf              :     128    128      - |      0      0      -
2025-11-05T19:46:13.487Z In(05) vmx OvhdMem OvhdUser_VmxThreads                 :   35840  35840      - |      0      0      -
2025-11-05T19:46:13.487Z In(05) vmx OvhdMem Total paged                         :  608922 608922      - |    502    502      -
2025-11-05T19:46:13.487Z In(05) vmx OvhdMem Actual maximum                      :         608922        |        608922
2025-11-05T19:46:13.487Z In(05)+ vmx 
2025-11-05T19:46:13.487Z In(05) vmx                                                       reserved      |          used
2025-11-05T19:46:13.487Z In(05) vmx OvhdMem nonpaged                                  cur    max    avg |    cur    max    avg
2025-11-05T19:46:13.487Z In(05) vmx OvhdMem OvhdUser_SharedArea                 :     155    155      - |    136    136      -
2025-11-05T19:46:13.487Z In(05) vmx OvhdMem OvhdUser_BusMemTraceBitmap          :      22     22      - |      0      0      -
2025-11-05T19:46:13.487Z In(05) vmx OvhdMem OvhdUser_PFrame                     :    1275   2304      - |   1275   1275      -
2025-11-05T19:46:13.487Z In(05) vmx OvhdMem OvhdUser_VIDE_KSEG                  :      16     16      - |     16     16      -
2025-11-05T19:46:13.487Z In(05) vmx OvhdMem OvhdUser_VGA                        :      64     64      - |     64     64      -
2025-11-05T19:46:13.487Z In(05) vmx OvhdMem OvhdUser_BalloonMPN                 :       1      1      - |      1      1      -
2025-11-05T19:46:13.487Z In(05) vmx OvhdMem OvhdUser_P2MUpdateBuffer            :       3      3      - |      0      0      -
2025-11-05T19:46:13.487Z In(05) vmx OvhdMem OvhdUser_ServicesMPN                :       3      3      - |      2      2      -
2025-11-05T19:46:13.487Z In(05) vmx OvhdMem OvhdUser_LocalApic                  :       2      2      - |      2      2      -
2025-11-05T19:46:13.487Z In(05) vmx OvhdMem OvhdUser_VBIOS                      :       8      8      - |      0      0      -
2025-11-05T19:46:13.487Z In(05) vmx OvhdMem OvhdUser_SBIOS                      :      16     16      - |      0      0      -
2025-11-05T19:46:13.487Z In(05) vmx OvhdMem OvhdUser_AHCIBIOS                   :      16     16      - |      0      0      -
2025-11-05T19:46:13.487Z In(05) vmx OvhdMem OvhdUser_AHCIREGS                   :       1      1      - |      1      1      -
2025-11-05T19:46:13.487Z In(05) vmx OvhdMem OvhdUser_NVMEBIOS                   :       2      2      - |      0      0      -
2025-11-05T19:46:13.487Z In(05) vmx OvhdMem OvhdUser_FlashRam                   :    4096   4096      - |      0      0      -
2025-11-05T19:46:13.487Z In(05) vmx OvhdMem OvhdUser_SVGAFB                     :   32768  32768      - |      0      0      -
2025-11-05T19:46:13.487Z In(05) vmx OvhdMem OvhdUser_SVGAMEM                    :      64    512      - |      0      0      -
2025-11-05T19:46:13.487Z In(05) vmx OvhdMem OvhdUser_HDAudioReg                 :       3      3      - |      0      0      -
2025-11-05T19:46:13.487Z In(05) vmx OvhdMem OvhdUser_EHCIRegister               :       1      1      - |      1      1      -
2025-11-05T19:46:13.487Z In(05) vmx OvhdMem OvhdUser_XhciRegister               :       1      1      - |      0      0      -
2025-11-05T19:46:13.487Z In(05) vmx OvhdMem OvhdUser_HyperV                     :       2      2      - |      0      0      -
2025-11-05T19:46:13.487Z In(05) vmx OvhdMem OvhdUser_ExtCfg                     :       4      4      - |      0      0      -
2025-11-05T19:46:13.487Z In(05) vmx OvhdMem OvhdUser_vhvCachedVMCS              :       2      2      - |      0      0      -
2025-11-05T19:46:13.487Z In(05) vmx OvhdMem OvhdUser_vhvNestedAPIC              :       2      2      - |      0      0      -
2025-11-05T19:46:13.487Z In(05) vmx OvhdMem OvhdUser_LBR                        :       2      2      - |      0      0      -
2025-11-05T19:46:13.487Z In(05) vmx OvhdMem OvhdUser_MonWired                   :      53     53      - |     53     53      -
2025-11-05T19:46:13.487Z In(05) vmx OvhdMem OvhdUser_MonNuma                    :     297    297      - |      0      0      -
2025-11-05T19:46:13.487Z In(05) vmx OvhdMem OvhdUser_NVDC                       :       1      1      - |      0      0      -
2025-11-05T19:46:13.487Z In(05) vmx OvhdMem OvhdUser_PCIeMMIOArea               :      70     70      - |     36     36      -
2025-11-05T19:46:13.487Z In(05) vmx OvhdMem Total nonpaged                      :   38950  40427      - |   1587   1587      -
2025-11-05T19:46:13.487Z In(05) vmx OvhdMem Actual maximum                      :          38950        |         40427
2025-11-05T19:46:13.487Z In(05)+ vmx 
2025-11-05T19:46:13.487Z In(05) vmx                                                       reserved      |          used
2025-11-05T19:46:13.488Z In(05) vmx OvhdMem anonymous                                 cur    max    avg |    cur    max    avg
2025-11-05T19:46:13.488Z In(05) vmx OvhdMem OvhdMon_Alloc                       :     196    196      - |      0      0      -
2025-11-05T19:46:13.488Z In(05) vmx OvhdMem OvhdMon_BusMemFrame                 :     609    666      - |      0      0      -
2025-11-05T19:46:13.488Z In(05) vmx OvhdMem OvhdMon_BusMem2MInfo                :       8      8      - |      0      0      -
2025-11-05T19:46:13.488Z In(05) vmx OvhdMem OvhdMon_BusMem1GInfo                :       1      1      - |      0      0      -
2025-11-05T19:46:13.488Z In(05) vmx OvhdMem OvhdMon_BusMemZapListMPN            :       1      1      - |      0      0      -
2025-11-05T19:46:13.488Z In(05) vmx OvhdMem OvhdMon_BusMemPreval                :       8      8      - |      0      0      -
2025-11-05T19:46:13.488Z In(05) vmx OvhdMem OvhdMon_MonAS                       :       2      2      - |      0      0      -
2025-11-05T19:46:13.488Z In(05) vmx OvhdMem OvhdMon_GuestMem                    :      80     80      - |      0      0      -
2025-11-05T19:46:13.488Z In(05) vmx OvhdMem OvhdMon_TC                          :    1026   1026      - |      0      0      -
2025-11-05T19:46:13.488Z In(05) vmx OvhdMem OvhdMon_BusMemMonAS                 :       5      5      - |      0      0      -
2025-11-05T19:46:13.488Z In(05) vmx OvhdMem OvhdMon_PlatformMonAS               :       7      7      - |      0      0      -
2025-11-05T19:46:13.488Z In(05) vmx OvhdMem OvhdMon_HVNuma                      :       4      4      - |      0      0      -
2025-11-05T19:46:13.488Z In(05) vmx OvhdMem OvhdMon_HV                          :       2      2      - |      0      0      -
2025-11-05T19:46:13.488Z In(05) vmx OvhdMem OvhdMon_HVMSRBitmap                 :       1      1      - |      0      0      -
2025-11-05T19:46:13.488Z In(05) vmx OvhdMem OvhdMon_VHVGuestMSRBitmap           :       2      2      - |      0      0      -
2025-11-05T19:46:13.488Z In(05) vmx OvhdMem OvhdMon_VHV                         :       6      6      - |      0      0      -
2025-11-05T19:46:13.488Z In(05) vmx OvhdMem OvhdMon_Numa                        :      30     30      - |      0      0      -
2025-11-05T19:46:13.488Z In(05) vmx OvhdMem OvhdMon_NumaTextRodata              :     199    199      - |      0      0      -
2025-11-05T19:46:13.488Z In(05) vmx OvhdMem OvhdMon_NumaDataBss                 :      98     98      - |      0      0      -
2025-11-05T19:46:13.488Z In(05) vmx OvhdMem OvhdMon_BaseWired                   :      58     58      - |      0      0      -
2025-11-05T19:46:13.488Z In(05) vmx OvhdMem OvhdMon_Bootstrap                   :    2303   2303      - |      0      0      -
2025-11-05T19:46:13.488Z In(05) vmx OvhdMem OvhdMon_GPhysTraced                 :     270    270      - |      0      0      -
2025-11-05T19:46:13.488Z In(05) vmx OvhdMem OvhdMon_GPhysHWMMU                  :    1344   1344      - |      0      0      -
2025-11-05T19:46:13.488Z In(05) vmx OvhdMem OvhdMon_GPhysNoTrace                :     266    266      - |      0      0      -
2025-11-05T19:46:13.488Z In(05) vmx OvhdMem OvhdMon_PhysMemGart                 :     104    104      - |      0      0      -
2025-11-05T19:46:13.488Z In(05) vmx OvhdMem OvhdMon_PhysMemErr                  :       7      7      - |      0      0      -
2025-11-05T19:46:13.488Z In(05) vmx OvhdMem OvhdMon_VProbe                      :       1      1      - |      0      0      -
2025-11-05T19:46:13.488Z In(05) vmx OvhdMem Total anonymous                     :    6638   6695      - |      0      0      -
2025-11-05T19:46:13.488Z In(05) vmx OvhdMem Actual maximum                      :           6638        |          6695
2025-11-05T19:46:13.488Z In(05)+ vmx 
2025-11-05T19:46:13.488Z In(05) vmx VMMEM: Precise Reservation: 2556MB (MainMem=2048MB)
2025-11-05T19:46:13.489Z In(05) vmx Vix: [mainDispatch.c:1059]: VMAutomation_PowerOn. Powering on.
2025-11-05T19:46:13.489Z No(00) vmx PowerOnTiming: ALL took 3427785 us
2025-11-05T19:46:13.489Z In(05) vmx VMX_PowerOn: ModuleTable_PowerOn = 1
2025-11-05T19:46:13.489Z No(00) vmx ConfigDB: Setting cleanShutdown = "FALSE"
2025-11-05T19:46:13.489Z No(00) vmx ConfigDB: Setting softPowerOff = "FALSE"
2025-11-05T19:46:13.503Z In(05) vcpu-0 VTHREAD 21416 "vcpu-0"
2025-11-05T19:46:13.509Z In(05) vcpu-0 MonTimer APIC:0/0 vec: 0
2025-11-05T19:46:13.509Z In(05) vcpu-0 APIC: version = 0x15, max LVT = 6, LDR = 0x1, DFR = 0xffffffff
2025-11-05T19:46:13.509Z In(05) vcpu-0 Active HV capabilities
2025-11-05T19:46:13.509Z In(05) vcpu-0    Virtual interrupt delivery
2025-11-05T19:46:13.509Z In(05) vcpu-0    XAPIC MMIO virtualization
2025-11-05T19:46:13.509Z In(05) vcpu-0    Full decode
2025-11-05T19:46:13.509Z In(05) vcpu-0    Nested paging A/D bits
2025-11-05T19:46:13.509Z In(05) vcpu-0    Real-address mode
2025-11-05T19:46:13.509Z In(05) vcpu-0    Skip debug state
2025-11-05T19:46:13.509Z In(05) vcpu-0    X2APIC virtualization
2025-11-05T19:46:13.509Z In(05) vcpu-0    TPR MMIO virtualization
2025-11-05T19:46:13.509Z In(05) vcpu-0    BNDCFGS/MPX
2025-11-05T19:46:13.509Z In(05) vcpu-0    Page-modification logging
2025-11-05T19:46:13.509Z In(05) vcpu-0    ENCLS exiting
2025-11-05T19:46:13.509Z In(05) vcpu-0    PAUSE-loop exiting
2025-11-05T19:46:13.509Z In(05) vcpu-0    Advanced exit information for EPT violations
2025-11-05T19:46:13.509Z In(05) vcpu-0    Mode-based execute control for nested paging
2025-11-05T19:46:13.509Z In(05) vcpu-0    EPT-violation virtualization exception
2025-11-05T19:46:13.509Z In(05) vcpu-0    Event injection with instruction length zero
2025-11-05T19:46:13.512Z In(05) vcpu-0 CPU reset: hard (mode Emulation)
2025-11-05T19:46:13.513Z In(05) vcpu-1 VTHREAD 19736 "vcpu-1"
2025-11-05T19:46:13.513Z In(05) vcpu-1 MonTimer APIC:0/0 vec: 0
2025-11-05T19:46:13.513Z In(05) vcpu-1 APIC: version = 0x15, max LVT = 6, LDR = 0x80, DFR = 0xffffffff
2025-11-05T19:46:13.513Z In(05) vcpu-1 CPU reset: hard (mode Emulation)
2025-11-05T19:46:13.514Z In(05) svga MKSThread: SVGA thread is entering the main loop
2025-11-05T19:46:13.514Z In(05) vcpu-0 GuestRpc: Successfully created RPCI listening socket.
2025-11-05T19:46:13.514Z In(05) vcpu-0 GuestRpc: Using vsocket for TCLO messaging is disabled.
2025-11-05T19:46:13.514Z In(05) vcpu-0 DISKUTIL: nvme0:0 : capacity=125829120 logical sector size=512
2025-11-05T19:46:13.514Z No(00) vcpu-0 ConfigDB: Unsetting all entries with prefix "usb_xhci:4."
2025-11-05T19:46:13.531Z In(05) vcpu-0 USB: DevID(2000000400000000): Disconnecting device.
2025-11-05T19:46:13.531Z In(05) vcpu-0 USB: DevID(200000050e0f0003): Connecting device desc:name:VMware\ Virtual\ USB\ Mouse vid:0e0f pid:0003 speed:full family:hid deviceType:virtual-hid info:0000005 version:5.
2025-11-05T19:46:13.531Z No(00) vcpu-0 ConfigDB: Setting usb_xhci:4.present = "TRUE"
2025-11-05T19:46:13.531Z No(00) vcpu-0 ConfigDB: Setting usb_xhci:4.deviceType = "hid"
2025-11-05T19:46:13.531Z No(00) vcpu-0 ConfigDB: Setting usb_xhci:4.port = "4"
2025-11-05T19:46:13.531Z No(00) vcpu-0 ConfigDB: Setting usb_xhci:4.parent = "-1"
2025-11-05T19:46:13.549Z In(05) vcpu-0 memoryHotplug: Node 0: Present: 2047 MB (100 %) Size:32767 MB (100 %)
2025-11-05T19:46:13.549Z In(05) vcpu-0 PIIX4: PM Resuming from suspend type 0x0, chipset.onlineStandby 0
2025-11-05T19:46:13.549Z In(05) vcpu-0 SOUNDLIB: Creating the Wave sound backend.
2025-11-05T19:46:13.549Z In(05) vcpu-0 HDAudio: HDAudioConnectDisconnect: primary backend: wave, fallback backend: dummy.
2025-11-05T19:46:13.549Z In(05) vcpu-0 VNET: MACVNetConnectToNetwork 'Ethernet0' notify available.
2025-11-05T19:46:13.550Z In(05) vcpu-0 CDROM: Connecting sata0:1 to 'D:\systems\17763.3650.221105-1748.rs5_release_svc_refresh_SERVER_EVAL_x64FRE_en-us.iso'. type=2 remote=0
2025-11-05T19:46:13.558Z In(05) vcpu-0 DMG_Open: Not an unencrypted .dmg file (footer signature 0x00000000).
2025-11-05T19:46:13.558Z In(05) vcpu-0 DMG_Close: max cached entries 8
2025-11-05T19:46:13.558Z In(05) vcpu-0 CDROM: Checking initial physical media state...
2025-11-05T19:46:13.559Z In(05) vcpu-0 CDROM:  initial physical CDROM state is 1 (sense)
2025-11-05T19:46:13.563Z In(05) vcpu-0 HGFSPublish: publishing 0 shares
2025-11-05T19:46:13.564Z In(05) vcpu-0 Win32U_GetFileAttributes: GetFileAttributesExW("C:\Users\NARUTO1\GNS3\projects\holy_project\project-files\vmware\9b45566c-e1a2-4e25-a626-55630a1784bc\WindowsServer2019-1.vmpl", ...) failed, error: 2
2025-11-05T19:46:13.564Z In(05) vcpu-0 PolicyVMXFindPolicyKey: policy file does not exist.
2025-11-05T19:46:13.568Z No(00) vcpu-0 Metrics lastUpdate (s): 637064
2025-11-05T19:46:13.568Z In(05) vcpu-0 Vix: [mainDispatch.c:4213]: VMAutomation_ReportPowerOpFinished: statevar=0, newAppState=1872, success=1 additionalError=0
2025-11-05T19:46:13.568Z In(05) vcpu-0 Vix: [mainDispatch.c:4130]: VMAutomationReportPowerStateChange: Reporting power state change (opcode=0, err=0).
2025-11-05T19:46:13.568Z In(05) vcpu-0 Vix: [mainDispatch.c:4130]: VMAutomationReportPowerStateChange: Reporting power state change (opcode=2, err=0).
2025-11-05T19:46:13.568Z In(05) vcpu-0 Transitioned vmx/execState/val to poweredOn
2025-11-05T19:46:13.568Z In(05) vcpu-0 Tools: Adding Tools inactivity timer.
2025-11-05T19:46:13.568Z In(05) vcpu-0 Intel VT: FlexPriority enabled, VPID enabled.
2025-11-05T19:46:13.570Z In(05) vmx USB: New set of 2 USB devices.
2025-11-05T19:46:13.570Z In(05) vmx USB: Found device [name:Realtek\ Integrated_Webcam_HD vid:0bda pid:5539 path:1/0/10 speed:high family:video instanceId:USB\\VID_0BDA&PID_5539\\200901010001 serialnum:200901010001 arbRuntimeKey:1 version:5]
2025-11-05T19:46:13.570Z In(05) vmx USB: Found device [name:Intel(R)\ Wireless\ Bluetooth(R) vid:8087 pid:0026 path:1/0/13 speed:full family:wireless,bluetooth instanceId:USB\\VID_8087&PID_0026\\5&F65B9AA&0&14 arbRuntimeKey:2 version:5]
2025-11-05T19:46:13.580Z In(05) vcpu-0 Guest: EFI ROM version: VMW201.00V.24006586.B64.2406042154 (64-bit RELEASE)
2025-11-05T19:46:13.613Z In(05) mks MKSControlMgr: connected
2025-11-05T19:46:13.623Z In(05) mks MKS-VMDB: VMDB requested a screenshot
2025-11-05T19:46:13.623Z In(05) svga MKSScreenShotMgr: Taking a screenshot
2025-11-05T19:46:13.624Z In(05) svga SWBScreen: Screen 0 Defined: xywh(0, 0, 640, 480) flags=0x3
2025-11-05T19:46:13.627Z In(05) mks KHBKL: Unable to parse keystring at: ''
2025-11-05T19:46:13.635Z In(05) mks SWBWindow: Number of MKSWindows changed: 0 rendering MKSWindow(s) of total 1.
2025-11-05T19:46:13.635Z In(05) mks SWBWindow: Window 1 Defined: src screenId=-1, src xywh(0, 0, 640, 480) dest xywh(0, 0, 640, 480) pixelScale=1, flags=0x8
2025-11-05T19:46:13.635Z In(05) mks MKS-HWinMux: Backend Switch Queued
2025-11-05T19:46:13.636Z In(05) mks GDI-Backend: successfully started by HWinMux to do window composition.
2025-11-05T19:46:13.643Z In(05) mks MKS-HWinMux: Started GDI presentation backend.
2025-11-05T19:46:13.671Z In(05) mks SWBWindow: Number of MKSWindows changed: 1 rendering MKSWindow(s) of total 2.
2025-11-05T19:46:13.671Z In(05) mks SWBWindow: Window 0 Defined: src screenId=-1, src xywh(0, 0, 640, 480) dest xywh(0, 0, 640, 480) pixelScale=1, flags=0x7
2025-11-05T19:46:13.741Z In(05) vcpu-0 pvnvram: SecureBootMode value: 0
2025-11-05T19:46:13.741Z In(05) vcpu-0 pvnvram: Transitioning to: SecureBootModeDisabled.
2025-11-05T19:46:13.801Z In(05) vcpu-0 BIOS-UUID is 56 4d 56 97 9f 13 2a 00-65 2a a8 38 8f df bb 74
2025-11-05T19:46:13.896Z In(05) vcpu-0 NVME-PCI: PCI reset on controller nvme0.
2025-11-05T19:46:13.896Z In(05) vcpu-0 NVME-CORE: Doing a full reset of controller regs and queues.
2025-11-05T19:46:13.900Z In(05) vmx SOCKET 6 (2700) recv error 10054: An existing connection was forcibly closed by the remote host
2025-11-05T19:46:13.900Z In(05) vmx Vix: [mainDispatch.c:2814]: VMAutomation: Connection Error (1) on connection 1.
2025-11-05T19:46:13.912Z In(05) vcpu-0 SVGA: Registering MemSpace at 0xf0000000(0x0) and 0xfb800000(0x0)
2025-11-05T19:46:13.912Z In(05) vcpu-0 SVGA: FIFO is already mapped
2025-11-05T19:46:13.912Z In(05) vcpu-0 SVGA: Unregistering MemSpace at 0xf0000000(0xf0000000) and 0xfb800000(0xfb800000)
2025-11-05T19:46:13.912Z In(05) vcpu-0 SVGA: FIFO is already mapped
2025-11-05T19:46:13.925Z In(05) vcpu-0 SVGA: Registering IOSpace at 0x2040
2025-11-05T19:46:13.925Z In(05) vcpu-0 SVGA: Unregistering IOSpace at 0x2040
2025-11-05T19:46:13.926Z In(05) vcpu-0 AHCI: Tried to enable/disable IO space.
2025-11-05T19:46:13.936Z In(05) vcpu-0 SVGA: Registering IOSpace at 0x2040
2025-11-05T19:46:13.936Z In(05) vcpu-0 SVGA: Registering MemSpace at 0xf0000000(0xf0000000) and 0xfb800000(0xfb800000)
2025-11-05T19:46:13.936Z In(05) vcpu-0 SVGA: FIFO is already mapped
2025-11-05T19:46:13.936Z In(05) vcpu-0 SVGA: FIFO is already mapped
2025-11-05T19:46:13.938Z In(05) svga SVGA enabling SVGA
2025-11-05T19:46:13.938Z In(05) svga SWBScreen: Screen 0 Destroyed: xywh(0, 0, 640, 480) flags=0x3
2025-11-05T19:46:13.994Z In(05) svga SVGA-ScreenMgr: Screen type changed to RegisterMode
2025-11-05T19:46:13.994Z In(05) svga SWBScreen: Screen 1 Defined: xywh(0, 0, 1024, 768) flags=0x2
2025-11-05T19:46:14.395Z In(05) vmx USB: New set of 2 USB devices.
2025-11-05T19:46:14.395Z In(05) vmx USB: Found device [name:Realtek\ Integrated_Webcam_HD vid:0bda pid:5539 path:1/0/10 speed:high family:video instanceId:USB\\VID_0BDA&PID_5539\\200901010001 serialnum:200901010001 arbRuntimeKey:1 version:5]
2025-11-05T19:46:14.395Z In(05) vmx USB: Found device [name:Intel(R)\ Wireless\ Bluetooth(R) vid:8087 pid:0026 path:1/0/13 speed:full family:wireless,bluetooth instanceId:USB\\VID_8087&PID_0026\\5&F65B9AA&0&14 arbRuntimeKey:2 version:5]
2025-11-05T19:46:14.547Z In(05) vcpu-0 Tools: Running status rpc handler: 0 => 1.
2025-11-05T19:46:14.547Z In(05) vcpu-0 Tools: Changing running status: 0 => 1.
2025-11-05T19:46:14.547Z In(05) vcpu-0 Tools: [RunningStatus] Last heartbeat value 1 (last received 0s ago)
2025-11-05T19:46:14.547Z In(05) vcpu-0 Tools: Removing Tools inactivity timer.
2025-11-05T19:46:15.071Z In(05) vcpu-0 Guest: About to do EFI boot: Windows Boot Manager
2025-11-05T19:46:16.224Z In(05) vcpu-1 CPU reset: soft (mode Emulation)
2025-11-05T19:46:16.224Z In(05) vcpu-0 Guest: Firmware has transitioned to runtime.
2025-11-05T19:46:18.403Z In(05) vcpu-1 SVGA: Unregistering IOSpace at 0x2040
2025-11-05T19:46:18.403Z In(05) vcpu-1 SVGA: Unregistering MemSpace at 0xf0000000(0xf0000000) and 0xfb800000(0xfb800000)
2025-11-05T19:46:18.403Z In(05) vcpu-1 SVGA: FIFO is already mapped
2025-11-05T19:46:18.404Z In(05) vcpu-1 SVGA: Registering IOSpace at 0x2040
2025-11-05T19:46:18.404Z In(05) vcpu-1 SVGA: Registering MemSpace at 0xf0000000(0xf0000000) and 0xfb800000(0xfb800000)
2025-11-05T19:46:18.405Z In(05) vcpu-1 SVGA: FIFO is already mapped
2025-11-05T19:46:19.654Z In(05) vcpu-0 Guest: Driver=vmci, Version=9.8.30.0
2025-11-05T19:46:19.657Z In(05) vcpu-1 VMCI: Capabilities in use by device: 0x1c.
2025-11-05T19:46:19.755Z In(05) vcpu-0 AHCI-VMM:HBA reset issued on sata0.
2025-11-05T19:46:21.725Z In(05) vcpu-0 NVME-VMM: Controller level reset via CC.EN bit transition on nvme0
2025-11-05T19:46:21.725Z In(05) vcpu-0 NVME-CORE: Doing a partial reset of controller regs and queues.
2025-11-05T19:46:21.833Z In(05) vcpu-0 PCIXHCI: Interrupt type changed from INTX to MSIX
2025-11-05T19:46:22.245Z In(05) vcpu-1 SVGA: Unregistering IOSpace at 0x2040
2025-11-05T19:46:22.245Z In(05) vcpu-1 SVGA: Unregistering MemSpace at 0xf0000000(0xf0000000) and 0xfb800000(0xfb800000)
2025-11-05T19:46:22.245Z In(05) vcpu-1 SVGA: FIFO is already mapped
2025-11-05T19:46:22.245Z In(05) vcpu-1 SVGA: Registering IOSpace at 0x2040
2025-11-05T19:46:22.245Z In(05) vcpu-1 SVGA: Registering MemSpace at 0xf0000000(0xf0000000) and 0xfb800000(0xfb800000)
2025-11-05T19:46:22.245Z In(05) vcpu-1 SVGA: FIFO is already mapped
2025-11-05T19:46:22.295Z In(05) vcpu-0 CDROM: Emulate GET CONFIGURATION RT 0 starting feature 0
2025-11-05T19:46:22.295Z In(05) vcpu-0 CDROM: Emulate GET CONFIGURATION RT 2 starting feature 0
2025-11-05T19:46:22.295Z In(05) vcpu-0 CDROM: Emulate GET CONFIGURATION RT 0 starting feature 0
2025-11-05T19:46:22.295Z In(05) vcpu-0 CDROM: Emulate GET CONFIGURATION RT 0 starting feature 0
2025-11-05T19:46:22.295Z In(05) vcpu-0 CDROM: Unknown command 0xA4.
2025-11-05T19:46:22.295Z In(05) vcpu-0 CDROM sata0:1: CMD 0xa4 (*UNKNOWN (0xa4)*) FAILED (key 0x5 asc 0x20 ascq 0)
2025-11-05T19:46:22.379Z Wa(03) vcpu-1 HDAudio: HDAudioControllerReset: RIRB run bit is set.
2025-11-05T19:46:22.395Z In(05) vcpu-1 CDROM: Emulate GET CONFIGURATION RT 1 starting feature 0
2025-11-05T19:46:22.896Z In(05) vcpu-0 CDROM: Emulate GET CONFIGURATION RT 2 starting feature 0
2025-11-05T19:46:22.896Z In(05) vcpu-0 CDROM: Emulate GET CONFIGURATION RT 2 starting feature 0
2025-11-05T19:46:22.896Z In(05) vcpu-0 CDROM: Emulate GET CONFIGURATION RT 2 starting feature 263
2025-11-05T19:46:22.896Z In(05) vcpu-0 CDROM: Emulate GET CONFIGURATION RT 2 starting feature 263
2025-11-05T19:46:26.337Z In(05) vcpu-1 CDROM: Emulate GET CONFIGURATION RT 2 starting feature 0
2025-11-05T19:46:26.338Z In(05) vcpu-0 CDROM: Emulate GET CONFIGURATION RT 2 starting feature 30
2025-11-05T19:46:26.338Z In(05) vcpu-0 CDROM: Emulate GET CONFIGURATION RT 2 starting feature 31
2025-11-05T19:46:26.338Z In(05) vcpu-0 CDROM: Emulate GET CONFIGURATION RT 2 starting feature 32
2025-11-05T19:46:26.338Z In(05) vcpu-0 CDROM: Emulate GET CONFIGURATION RT 2 starting feature 33
2025-11-05T19:46:26.338Z In(05) vcpu-0 CDROM: Emulate GET CONFIGURATION RT 2 starting feature 35
2025-11-05T19:46:26.338Z In(05) vcpu-0 CDROM: Emulate GET CONFIGURATION RT 2 starting feature 36
2025-11-05T19:46:26.338Z In(05) vcpu-0 CDROM: Emulate GET CONFIGURATION RT 2 starting feature 38
2025-11-05T19:46:26.338Z In(05) vcpu-0 CDROM: Emulate GET CONFIGURATION RT 2 starting feature 42
2025-11-05T19:46:26.338Z In(05) vcpu-0 CDROM: Emulate GET CONFIGURATION RT 2 starting feature 43
2025-11-05T19:46:26.338Z In(05) vcpu-0 CDROM: Emulate GET CONFIGURATION RT 2 starting feature 45
2025-11-05T19:46:26.338Z In(05) vcpu-0 CDROM: Emulate GET CONFIGURATION RT 2 starting feature 46
2025-11-05T19:46:26.338Z In(05) vcpu-0 CDROM: Emulate GET CONFIGURATION RT 2 starting feature 47
2025-11-05T19:46:26.338Z In(05) vcpu-0 CDROM: Emulate GET CONFIGURATION RT 2 starting feature 64
2025-11-05T19:46:26.338Z In(05) vcpu-0 CDROM: Emulate GET CONFIGURATION RT 2 starting feature 65
2025-11-05T19:46:26.338Z In(05) vcpu-0 CDROM: Emulate GET CONFIGURATION RT 2 starting feature 259
2025-11-05T19:46:38.829Z In(05) vmx Msg_Post: Warning
2025-11-05T19:46:38.829Z In(05) vmx [msg.keyboardHook.cad.hotkey] To send "Ctrl+Alt+Delete" only to the virtual machine, type "Ctrl+Alt+Insert" instead.
2025-11-05T19:46:38.829Z In(05) vmx ----------------------------------------
2025-11-05T19:46:41.547Z In(05) vcpu-0 Tools: Tools heartbeat timeout.
2025-11-05T19:46:41.548Z In(05) vcpu-0 Tools: Running status rpc handler: 1 => 0.
2025-11-05T19:46:41.548Z In(05) vcpu-0 Tools: Changing running status: 1 => 0.
2025-11-05T19:46:41.548Z In(05) vcpu-0 Tools: [RunningStatus] Last heartbeat value 4 (last received 21s ago)
2025-11-05T19:46:41.548Z In(05) vcpu-0 TOOLS hostVerifiedSamlToken capability set to FALSE.
2025-11-05T19:46:50.868Z In(05) mks MKS-VMDB: VMDB requested a screenshot
2025-11-05T19:46:50.868Z In(05) svga MKSScreenShotMgr: Taking a screenshot
2025-11-05T19:47:13.571Z In(05) vmx GuestRpcSendTimedOut: message to toolbox-dnd timed out.
2025-11-05T19:47:43.525Z In(05) vcpu-0 CDROM: Emulate GET CONFIGURATION RT 2 starting feature 0
2025-11-05T19:47:43.525Z In(05) vcpu-0 CDROM: Emulate GET CONFIGURATION RT 2 starting feature 0
2025-11-05T19:47:43.528Z In(05) vcpu-0 CDROM: Emulate GET CONFIGURATION RT 2 starting feature 0
2025-11-05T19:47:43.528Z In(05) vcpu-0 CDROM: Emulate GET CONFIGURATION RT 2 starting feature 0
2025-11-05T19:47:43.528Z In(05) vcpu-0 CDROM: Emulate GET CONFIGURATION RT 2 starting feature 45
2025-11-05T19:47:43.528Z In(05) vcpu-0 CDROM: Emulate GET CONFIGURATION RT 2 starting feature 45
2025-11-05T19:47:43.528Z In(05) vcpu-0 CDROM: Emulate GET CONFIGURATION RT 2 starting feature 47
2025-11-05T19:47:43.529Z In(05) vcpu-0 CDROM: Emulate GET CONFIGURATION RT 2 starting feature 47
2025-11-05T19:47:43.529Z In(05) vcpu-0 CDROM: Emulate GET CONFIGURATION RT 2 starting feature 43
2025-11-05T19:47:43.529Z In(05) vcpu-0 CDROM: Emulate GET CONFIGURATION RT 2 starting feature 43
2025-11-05T19:47:43.529Z In(05) vcpu-0 CDROM: Emulate GET CONFIGURATION RT 2 starting feature 42
2025-11-05T19:47:43.529Z In(05) vcpu-0 CDROM: Emulate GET CONFIGURATION RT 2 starting feature 42
2025-11-05T19:47:43.529Z In(05) vcpu-0 CDROM: Emulate GET CONFIGURATION RT 2 starting feature 59
2025-11-05T19:47:43.529Z In(05) vcpu-0 CDROM: Emulate GET CONFIGURATION RT 2 starting feature 59
2025-11-05T19:47:43.529Z In(05) vcpu-0 CDROM: Emulate GET CONFIGURATION RT 2 starting feature 65
2025-11-05T19:47:43.529Z In(05) vcpu-0 CDROM: Emulate GET CONFIGURATION RT 2 starting feature 65
2025-11-05T19:47:43.529Z In(05) vcpu-0 CDROM: Emulate GET CONFIGURATION RT 2 starting feature 0
2025-11-05T19:47:43.529Z In(05) vcpu-0 CDROM: Emulate GET CONFIGURATION RT 2 starting feature 0
2025-11-05T19:47:43.533Z In(05) vcpu-0 CDROM: Emulate GET CONFIGURATION RT 2 starting feature 0
2025-11-05T19:47:43.534Z In(05) vcpu-0 CDROM: Emulate GET CONFIGURATION RT 2 starting feature 0
2025-11-05T19:47:43.534Z In(05) vcpu-0 CDROM: Emulate GET CONFIGURATION RT 2 starting feature 45
2025-11-05T19:47:43.534Z In(05) vcpu-0 CDROM: Emulate GET CONFIGURATION RT 2 starting feature 45
2025-11-05T19:47:43.534Z In(05) vcpu-0 CDROM: Emulate GET CONFIGURATION RT 2 starting feature 47
2025-11-05T19:47:43.534Z In(05) vcpu-0 CDROM: Emulate GET CONFIGURATION RT 2 starting feature 47
2025-11-05T19:47:43.534Z In(05) vcpu-0 CDROM: Emulate GET CONFIGURATION RT 2 starting feature 43
2025-11-05T19:47:43.534Z In(05) vcpu-0 CDROM: Emulate GET CONFIGURATION RT 2 starting feature 43
2025-11-05T19:47:43.534Z In(05) vcpu-0 CDROM: Emulate GET CONFIGURATION RT 2 starting feature 42
2025-11-05T19:47:43.534Z In(05) vcpu-1 CDROM: Emulate GET CONFIGURATION RT 2 starting feature 42
2025-11-05T19:47:43.534Z In(05) vcpu-0 CDROM: Emulate GET CONFIGURATION RT 2 starting feature 59
2025-11-05T19:47:43.534Z In(05) vcpu-0 CDROM: Emulate GET CONFIGURATION RT 2 starting feature 59
2025-11-05T19:47:43.534Z In(05) vcpu-0 CDROM: Emulate GET CONFIGURATION RT 2 starting feature 65
2025-11-05T19:47:43.534Z In(05) vcpu-0 CDROM: Emulate GET CONFIGURATION RT 2 starting feature 65
2025-11-05T19:47:43.534Z In(05) vcpu-0 CDROM: Emulate GET CONFIGURATION RT 2 starting feature 0
2025-11-05T19:47:43.534Z In(05) vcpu-0 CDROM: Emulate GET CONFIGURATION RT 2 starting feature 0
2025-11-05T19:47:43.535Z In(05) vcpu-0 CDROM: Emulate GET CONFIGURATION RT 2 starting feature 31
2025-11-05T19:47:43.535Z In(05) vcpu-0 CDROM: Emulate GET CONFIGURATION RT 2 starting feature 31
2025-11-05T19:47:43.535Z In(05) vcpu-0 CDROM: Emulate GET CONFIGURATION RT 2 starting feature 64
2025-11-05T19:47:43.535Z In(05) vcpu-0 CDROM: Emulate GET CONFIGURATION RT 2 starting feature 64
2025-11-05T19:47:43.535Z In(05) vcpu-0 CDROM: Emulate GET CONFIGURATION RT 2 starting feature 31
2025-11-05T19:47:43.535Z In(05) vcpu-0 CDROM: Emulate GET CONFIGURATION RT 2 starting feature 31
2025-11-05T19:47:43.535Z In(05) vcpu-0 CDROM: Emulate GET CONFIGURATION RT 2 starting feature 64
2025-11-05T19:47:43.536Z In(05) vcpu-0 CDROM: Emulate GET CONFIGURATION RT 2 starting feature 64
2025-11-05T19:47:43.536Z In(05) vcpu-0 CDROM: Emulate GET CONFIGURATION RT 2 starting feature 31
2025-11-05T19:47:43.536Z In(05) vcpu-0 CDROM: Emulate GET CONFIGURATION RT 2 starting feature 31
2025-11-05T19:47:43.536Z In(05) vcpu-0 CDROM: Emulate GET CONFIGURATION RT 2 starting feature 64
2025-11-05T19:47:43.536Z In(05) vcpu-0 CDROM: Emulate GET CONFIGURATION RT 2 starting feature 64
2025-11-05T19:47:43.536Z In(05) vcpu-0 CDROM sata0:1: CMD 0xad (*UNKNOWN (0xad)*) FAILED (key 0x5 asc 0x24 ascq 0)
2025-11-05T19:47:43.538Z In(05) vcpu-0 CDROM: Emulate GET CONFIGURATION RT 2 starting feature 31
2025-11-05T19:47:43.538Z In(05) vcpu-0 CDROM: Emulate GET CONFIGURATION RT 2 starting feature 31
2025-11-05T19:47:43.538Z In(05) vcpu-0 CDROM: Emulate GET CONFIGURATION RT 2 starting feature 64
2025-11-05T19:47:43.539Z In(05) vcpu-0 CDROM: Emulate GET CONFIGURATION RT 2 starting feature 64
2025-11-05T19:47:43.539Z In(05) vcpu-0 CDROM: Emulate GET CONFIGURATION RT 2 starting feature 31
2025-11-05T19:47:43.539Z In(05) vcpu-0 CDROM: Emulate GET CONFIGURATION RT 2 starting feature 31
2025-11-05T19:47:43.539Z In(05) vcpu-0 CDROM: Emulate GET CONFIGURATION RT 2 starting feature 64
2025-11-05T19:47:43.539Z In(05) vcpu-0 CDROM: Emulate GET CONFIGURATION RT 2 starting feature 64
2025-11-05T19:47:43.539Z In(05) vcpu-0 CDROM: Emulate GET CONFIGURATION RT 2 starting feature 31
2025-11-05T19:47:43.539Z In(05) vcpu-0 CDROM: Emulate GET CONFIGURATION RT 2 starting feature 31
2025-11-05T19:47:43.539Z In(05) vcpu-0 CDROM: Emulate GET CONFIGURATION RT 2 starting feature 64
2025-11-05T19:47:43.539Z In(05) vcpu-0 CDROM: Emulate GET CONFIGURATION RT 2 starting feature 64
2025-11-05T19:47:43.539Z In(05) vcpu-0 CDROM sata0:1: CMD 0xad (*UNKNOWN (0xad)*) FAILED (key 0x5 asc 0x24 ascq 0)
2025-11-05T19:47:43.539Z In(05) vcpu-0 CDROM: Emulate GET CONFIGURATION RT 2 starting feature 31
2025-11-05T19:47:43.540Z In(05) vcpu-0 CDROM: Emulate GET CONFIGURATION RT 2 starting feature 31
2025-11-05T19:47:43.540Z In(05) vcpu-0 CDROM: Emulate GET CONFIGURATION RT 2 starting feature 64
2025-11-05T19:47:43.540Z In(05) vcpu-0 CDROM: Emulate GET CONFIGURATION RT 2 starting feature 64
2025-11-05T19:47:43.540Z In(05) vcpu-0 CDROM: Emulate GET CONFIGURATION RT 2 starting feature 31
2025-11-05T19:47:43.540Z In(05) vcpu-0 CDROM: Emulate GET CONFIGURATION RT 2 starting feature 31
2025-11-05T19:47:43.540Z In(05) vcpu-0 CDROM: Emulate GET CONFIGURATION RT 2 starting feature 64
2025-11-05T19:47:43.540Z In(05) vcpu-0 CDROM: Emulate GET CONFIGURATION RT 2 starting feature 64
2025-11-05T19:47:43.541Z In(05) vcpu-0 CDROM: Emulate GET CONFIGURATION RT 2 starting feature 31
2025-11-05T19:47:43.541Z In(05) vcpu-0 CDROM: Emulate GET CONFIGURATION RT 2 starting feature 31
2025-11-05T19:47:43.541Z In(05) vcpu-0 CDROM: Emulate GET CONFIGURATION RT 2 starting feature 64
2025-11-05T19:47:43.541Z In(05) vcpu-0 CDROM: Emulate GET CONFIGURATION RT 2 starting feature 64
2025-11-05T19:47:43.541Z In(05) vcpu-0 CDROM sata0:1: CMD 0xad (*UNKNOWN (0xad)*) FAILED (key 0x5 asc 0x24 ascq 0)
2025-11-05T19:47:43.541Z In(05) vcpu-0 CDROM: Emulate GET CONFIGURATION RT 2 starting feature 31
2025-11-05T19:47:43.541Z In(05) vcpu-0 CDROM: Emulate GET CONFIGURATION RT 2 starting feature 31
2025-11-05T19:47:43.541Z In(05) vcpu-0 CDROM: Emulate GET CONFIGURATION RT 2 starting feature 64
2025-11-05T19:47:43.541Z In(05) vcpu-0 CDROM: Emulate GET CONFIGURATION RT 2 starting feature 64
2025-11-05T19:47:43.541Z In(05) vcpu-0 CDROM: Emulate GET CONFIGURATION RT 2 starting feature 31
2025-11-05T19:47:43.541Z In(05) vcpu-0 CDROM: Emulate GET CONFIGURATION RT 2 starting feature 31
2025-11-05T19:47:43.542Z In(05) vcpu-0 CDROM: Emulate GET CONFIGURATION RT 2 starting feature 64
2025-11-05T19:47:43.542Z In(05) vcpu-0 CDROM: Emulate GET CONFIGURATION RT 2 starting feature 64
2025-11-05T19:47:43.542Z In(05) vcpu-0 CDROM: Emulate GET CONFIGURATION RT 2 starting feature 31
2025-11-05T19:47:43.542Z In(05) vcpu-0 CDROM: Emulate GET CONFIGURATION RT 2 starting feature 31
2025-11-05T19:47:43.542Z In(05) vcpu-0 CDROM: Emulate GET CONFIGURATION RT 2 starting feature 64
2025-11-05T19:47:43.542Z In(05) vcpu-0 CDROM: Emulate GET CONFIGURATION RT 2 starting feature 64
2025-11-05T19:47:43.542Z In(05) vcpu-0 CDROM: Emulate GET CONFIGURATION RT 2 starting feature 0
2025-11-05T19:47:43.542Z In(05) vcpu-0 CDROM: Emulate GET CONFIGURATION RT 2 starting feature 0
2025-11-05T19:47:43.542Z In(05) vcpu-0 CDROM: Emulate GET CONFIGURATION RT 2 starting feature 45
2025-11-05T19:47:43.542Z In(05) vcpu-0 CDROM: Emulate GET CONFIGURATION RT 2 starting feature 45
2025-11-05T19:47:43.542Z In(05) vcpu-0 CDROM: Emulate GET CONFIGURATION RT 2 starting feature 47
2025-11-05T19:47:43.542Z In(05) vcpu-0 CDROM: Emulate GET CONFIGURATION RT 2 starting feature 47
2025-11-05T19:47:43.542Z In(05) vcpu-0 CDROM: Emulate GET CONFIGURATION RT 2 starting feature 43
2025-11-05T19:47:43.542Z In(05) vcpu-0 CDROM: Emulate GET CONFIGURATION RT 2 starting feature 43
2025-11-05T19:47:43.543Z In(05) vcpu-0 CDROM: Emulate GET CONFIGURATION RT 2 starting feature 42
2025-11-05T19:47:43.543Z In(05) vcpu-0 CDROM: Emulate GET CONFIGURATION RT 2 starting feature 42
2025-11-05T19:47:43.543Z In(05) vcpu-0 CDROM: Emulate GET CONFIGURATION RT 2 starting feature 59
2025-11-05T19:47:43.543Z In(05) vcpu-0 CDROM: Emulate GET CONFIGURATION RT 2 starting feature 59
2025-11-05T19:47:43.543Z In(05) vcpu-0 CDROM: Emulate GET CONFIGURATION RT 2 starting feature 65
2025-11-05T19:47:43.543Z In(05) vcpu-0 CDROM: Emulate GET CONFIGURATION RT 2 starting feature 65
2025-11-05T19:47:43.543Z In(05) vcpu-0 CDROM: Emulate GET CONFIGURATION RT 2 starting feature 0
2025-11-05T19:47:43.543Z In(05) vcpu-0 CDROM: Emulate GET CONFIGURATION RT 2 starting feature 0
2025-11-05T19:47:43.543Z In(05) vcpu-0 CDROM: Emulate GET CONFIGURATION RT 2 starting feature 33
2025-11-05T19:47:43.544Z In(05) vcpu-0 CDROM: Emulate GET CONFIGURATION RT 2 starting feature 33
2025-11-05T19:47:43.544Z In(05) vcpu-0 CDROM: Emulate GET CONFIGURATION RT 2 starting feature 32
2025-11-05T19:47:43.545Z In(05) vcpu-0 CDROM: Emulate GET CONFIGURATION RT 2 starting feature 32
2025-11-05T19:47:43.545Z In(05) vcpu-0 CDROM: Emulate GET CONFIGURATION RT 2 starting feature 38
2025-11-05T19:47:43.545Z In(05) vcpu-0 CDROM: Emulate GET CONFIGURATION RT 2 starting feature 38
2025-11-05T19:47:43.545Z In(05) vcpu-0 CDROM: Emulate GET CONFIGURATION RT 2 starting feature 45
2025-11-05T19:47:43.545Z In(05) vcpu-0 CDROM: Emulate GET CONFIGURATION RT 2 starting feature 45
2025-11-05T19:47:43.545Z In(05) vcpu-0 CDROM: Emulate GET CONFIGURATION RT 2 starting feature 44
2025-11-05T19:47:43.545Z In(05) vcpu-0 CDROM: Emulate GET CONFIGURATION RT 2 starting feature 44
2025-11-05T19:47:43.545Z In(05) vcpu-0 CDROM: Emulate GET CONFIGURATION RT 2 starting feature 47
2025-11-05T19:47:43.545Z In(05) vcpu-0 CDROM: Emulate GET CONFIGURATION RT 2 starting feature 47
2025-11-05T19:47:43.545Z In(05) vcpu-0 CDROM: Emulate GET CONFIGURATION RT 2 starting feature 65
2025-11-05T19:47:43.545Z In(05) vcpu-0 CDROM: Emulate GET CONFIGURATION RT 2 starting feature 65
2025-11-05T19:47:43.545Z In(05) vcpu-0 CDROM: Emulate GET CONFIGURATION RT 2 starting feature 42
2025-11-05T19:47:43.545Z In(05) vcpu-0 CDROM: Emulate GET CONFIGURATION RT 2 starting feature 42
2025-11-05T19:47:43.545Z In(05) vcpu-0 CDROM: Emulate GET CONFIGURATION RT 2 starting feature 33
2025-11-05T19:47:43.545Z In(05) vcpu-0 CDROM: Emulate GET CONFIGURATION RT 2 starting feature 33
2025-11-05T19:47:43.545Z In(05) vcpu-0 CDROM: Emulate GET CONFIGURATION RT 2 starting feature 32
2025-11-05T19:47:43.545Z In(05) vcpu-0 CDROM: Emulate GET CONFIGURATION RT 2 starting feature 32
2025-11-05T19:47:43.546Z In(05) vcpu-0 CDROM: Emulate GET CONFIGURATION RT 2 starting feature 38
2025-11-05T19:47:43.546Z In(05) vcpu-0 CDROM: Emulate GET CONFIGURATION RT 2 starting feature 38
2025-11-05T19:47:43.546Z In(05) vcpu-0 CDROM: Emulate GET CONFIGURATION RT 2 starting feature 45
2025-11-05T19:47:43.546Z In(05) vcpu-0 CDROM: Emulate GET CONFIGURATION RT 2 starting feature 45
2025-11-05T19:47:43.546Z In(05) vcpu-0 CDROM: Emulate GET CONFIGURATION RT 2 starting feature 44
2025-11-05T19:47:43.546Z In(05) vcpu-0 CDROM: Emulate GET CONFIGURATION RT 2 starting feature 44
2025-11-05T19:47:43.546Z In(05) vcpu-0 CDROM: Emulate GET CONFIGURATION RT 2 starting feature 47
2025-11-05T19:47:43.546Z In(05) vcpu-0 CDROM: Emulate GET CONFIGURATION RT 2 starting feature 47
2025-11-05T19:47:43.546Z In(05) vcpu-0 CDROM: Emulate GET CONFIGURATION RT 2 starting feature 65
2025-11-05T19:47:43.546Z In(05) vcpu-0 CDROM: Emulate GET CONFIGURATION RT 2 starting feature 65
2025-11-05T19:47:43.546Z In(05) vcpu-0 CDROM: Emulate GET CONFIGURATION RT 2 starting feature 42
2025-11-05T19:47:43.546Z In(05) vcpu-0 CDROM: Emulate GET CONFIGURATION RT 2 starting feature 42
2025-11-05T19:49:13.661Z In(05) vmx GuestRpcSendTimedOut: message to toolbox timed out.
2025-11-05T19:49:13.665Z In(05) vmx Vix: [guestCommands.c:1943]: Error VIX_E_TOOLS_NOT_RUNNING in VMAutomationTranslateGuestRpcError(): VMware Tools are not running in the guest
2025-11-05T19:49:32.703Z In(05) vmx DISKLIB-LIB   : numIOs = 50000 numMergedIOs = 8144 numSplitIOs = 1411
2025-11-05T19:49:46.087Z In(05) vcpu-1 CDROM: Emulate GET CONFIGURATION RT 1 starting feature 0
2025-11-05T19:49:46.089Z In(05) vcpu-1 CDROM: Emulate GET CONFIGURATION RT 2 starting feature 0
2025-11-05T19:49:46.089Z In(05) vcpu-1 CDROM: Emulate GET CONFIGURATION RT 2 starting feature 0
2025-11-05T19:49:46.089Z In(05) vcpu-1 CDROM: Emulate GET CONFIGURATION RT 1 starting feature 0
2025-11-05T19:49:46.090Z In(05) vcpu-0 CDROM: Emulate GET CONFIGURATION RT 2 starting feature 0
2025-11-05T19:49:46.090Z In(05) vcpu-0 CDROM: Emulate GET CONFIGURATION RT 2 starting feature 0
2025-11-05T19:49:46.091Z In(05) vcpu-1 CDROM: Emulate GET CONFIGURATION RT 1 starting feature 0
2025-11-05T19:49:46.091Z In(05) vcpu-1 CDROM: Emulate GET CONFIGURATION RT 2 starting feature 0
2025-11-05T19:49:46.092Z In(05) vcpu-1 CDROM: Emulate GET CONFIGURATION RT 2 starting feature 0
2025-11-05T19:49:46.098Z In(05) vcpu-1 CDROM: Emulate GET CONFIGURATION RT 1 starting feature 0
2025-11-05T19:49:46.098Z In(05) vcpu-1 CDROM: Emulate GET CONFIGURATION RT 2 starting feature 0
2025-11-05T19:49:46.098Z In(05) vcpu-1 CDROM: Emulate GET CONFIGURATION RT 2 starting feature 0
2025-11-05T19:49:46.099Z In(05) vcpu-1 CDROM: Emulate GET CONFIGURATION RT 1 starting feature 0
2025-11-05T19:49:46.099Z In(05) vcpu-1 CDROM: Emulate GET CONFIGURATION RT 2 starting feature 0
2025-11-05T19:49:46.099Z In(05) vcpu-1 CDROM: Emulate GET CONFIGURATION RT 2 starting feature 0
2025-11-05T19:49:46.099Z In(05) vcpu-1 CDROM: Emulate GET CONFIGURATION RT 1 starting feature 0
2025-11-05T19:49:46.100Z In(05) vcpu-1 CDROM: Emulate GET CONFIGURATION RT 2 starting feature 0
2025-11-05T19:49:46.100Z In(05) vcpu-1 CDROM: Emulate GET CONFIGURATION RT 2 starting feature 0
2025-11-05T19:56:59.665Z In(05) vmx DISKLIB-LIB   : numIOs = 100000 numMergedIOs = 14943 numSplitIOs = 2901
2025-11-05T19:57:51.761Z In(05) vcpu-1 CDROM: Unknown command 0x35.
2025-11-05T19:57:51.761Z In(05) vcpu-1 CDROM sata0:1: CMD 0x35 (SYNC CACHE) FAILED (key 0x5 asc 0x20 ascq 0)
2025-11-05T19:57:53.854Z In(05) vcpu-1 PCIXHCI: Interrupt type changed from MSIX to INTX
2025-11-05T19:57:53.920Z In(05) vcpu-0 Chipset: The guest has requested that the virtual machine be hard reset.
2025-11-05T19:57:53.922Z In(05) vcpu-0 DEVICE: Resetting device 'ALL'.
2025-11-05T19:57:53.922Z In(05) vcpu-0 USB: DevID(200000050e0f0003): Per-Device Resetting device.
2025-11-05T19:57:53.923Z In(05) vcpu-0 pvnvram: SecureBootMode value: 0
2025-11-05T19:57:53.923Z In(05) vcpu-0 pvnvram: Transitioning to: SecureBootModeDisabled.
2025-11-05T19:57:53.923Z In(05) vcpu-0 Tools: ToolsRunningStatus_Reset, delayedRequest is 0x259CA305620
2025-11-05T19:57:53.924Z In(05) vcpu-0 TOOLS: appName=toolbox-dnd, oldStatus=0, status=0, guestInitiated=0.
2025-11-05T19:57:53.924Z In(05) vcpu-0 Tools: [AppStatus] Last heartbeat value 4 (last received 693s ago)
2025-11-05T19:57:53.924Z In(05) vcpu-0 TOOLS: appName=toolbox, oldStatus=0, status=0, guestInitiated=0.
2025-11-05T19:57:53.929Z In(05) vcpu-0 NVME-CORE: Doing a full reset of controller regs and queues.
2025-11-05T19:57:53.929Z In(05) vcpu-0 PCIXHCI: SuperSpeed20Gbps(USB3.2) is supported by xHCI.
2025-11-05T19:57:53.929Z In(05) vcpu-0 EHCI: Per-device ehci hard reset ehci.
2025-11-05T19:57:53.929Z In(05) vcpu-0 CPU reset: hard (mode Emulation)
2025-11-05T19:57:53.929Z In(05) vcpu-1 CPU reset: hard (mode Emulation)
2025-11-05T19:57:53.930Z In(05) vcpu-0 SVGA: FIFO is already mapped
2025-11-05T19:57:53.930Z In(05) vcpu-0 SVGA: Unregistering IOSpace at 0x2040
2025-11-05T19:57:53.939Z In(05) vcpu-0 SVGA: Unregistering MemSpace at 0xf0000000(0xf0000000) and 0xfb800000(0xfb800000)
2025-11-05T19:57:53.940Z In(05) vcpu-0 SVGA: FIFO is already mapped
2025-11-05T19:57:53.943Z In(05) vcpu-0 Guest: EFI ROM version: VMW201.00V.24006586.B64.2406042154 (64-bit RELEASE)
2025-11-05T19:57:54.030Z In(05) svga SVGA disabling SVGA
2025-11-05T19:57:54.030Z In(05) svga SWBScreen: Screen 1 Destroyed: xywh(0, 0, 1024, 768) flags=0x2
2025-11-05T19:57:54.032Z In(05) svga SWBScreen: Screen 0 Defined: xywh(0, 0, 640, 480) flags=0x3
2025-11-05T19:57:54.055Z In(05) vcpu-0 pvnvram: SecureBootMode value: 0
2025-11-05T19:57:54.055Z In(05) vcpu-0 pvnvram: Transitioning to: SecureBootModeDisabled.
2025-11-05T19:57:54.077Z In(05) vcpu-0 BIOS-UUID is 56 4d 56 97 9f 13 2a 00-65 2a a8 38 8f df bb 74
2025-11-05T19:57:54.170Z In(05) vcpu-0 NVME-PCI: PCI reset on controller nvme0.
2025-11-05T19:57:54.170Z In(05) vcpu-0 NVME-CORE: Doing a full reset of controller regs and queues.
2025-11-05T19:57:54.186Z In(05) vcpu-0 SVGA: Registering MemSpace at 0xf0000000(0xf0000000) and 0xfb800000(0xfb800000)
2025-11-05T19:57:54.186Z In(05) vcpu-0 SVGA: FIFO is already mapped
2025-11-05T19:57:54.186Z In(05) vcpu-0 SVGA: Unregistering MemSpace at 0xf0000000(0xf0000000) and 0xfb800000(0xfb800000)
2025-11-05T19:57:54.186Z In(05) vcpu-0 SVGA: FIFO is already mapped
2025-11-05T19:57:54.199Z In(05) vcpu-0 SVGA: Registering IOSpace at 0x2040
2025-11-05T19:57:54.199Z In(05) vcpu-0 SVGA: Unregistering IOSpace at 0x2040
2025-11-05T19:57:54.199Z In(05) vcpu-0 AHCI: Tried to enable/disable IO space.
2025-11-05T19:57:54.209Z In(05) vcpu-0 SVGA: Registering IOSpace at 0x2040
2025-11-05T19:57:54.209Z In(05) vcpu-0 SVGA: Registering MemSpace at 0xf0000000(0xf0000000) and 0xfb800000(0xfb800000)
2025-11-05T19:57:54.209Z In(05) vcpu-0 SVGA: FIFO is already mapped
2025-11-05T19:57:54.209Z In(05) vcpu-0 SVGA: FIFO is already mapped
2025-11-05T19:57:54.210Z In(05) svga SVGA enabling SVGA
2025-11-05T19:57:54.210Z In(05) svga SWBScreen: Screen 0 Destroyed: xywh(0, 0, 640, 480) flags=0x3
2025-11-05T19:57:54.226Z In(05) svga SWBScreen: Screen 1 Defined: xywh(0, 0, 1024, 768) flags=0x2
2025-11-05T19:57:54.548Z In(05) vcpu-0 Tools: Running status rpc handler: 0 => 1.
2025-11-05T19:57:54.548Z In(05) vcpu-0 Tools: Changing running status: 0 => 1.
2025-11-05T19:57:54.548Z In(05) vcpu-0 Tools: [RunningStatus] Last heartbeat value 5 (last received 0s ago)
2025-11-05T19:57:56.580Z In(05) vcpu-0 Guest: About to do EFI boot: Windows Boot Manager
2025-11-05T19:57:57.010Z In(05) vcpu-1 CPU reset: soft (mode Emulation)
2025-11-05T19:57:57.010Z In(05) vcpu-0 Guest: Firmware has transitioned to runtime.
2025-11-05T19:57:58.335Z In(05) vcpu-1 SVGA: Unregistering IOSpace at 0x2040
2025-11-05T19:57:58.335Z In(05) vcpu-1 SVGA: Unregistering MemSpace at 0xf0000000(0xf0000000) and 0xfb800000(0xfb800000)
2025-11-05T19:57:58.335Z In(05) vcpu-1 SVGA: FIFO is already mapped
2025-11-05T19:57:58.335Z In(05) vcpu-1 SVGA: Registering IOSpace at 0x2040
2025-11-05T19:57:58.335Z In(05) vcpu-1 SVGA: Registering MemSpace at 0xf0000000(0xf0000000) and 0xfb800000(0xfb800000)
2025-11-05T19:57:58.335Z In(05) vcpu-1 SVGA: FIFO is already mapped
2025-11-05T19:57:59.625Z In(05) vcpu-1 Guest: Driver=vmci, Version=9.8.30.0
2025-11-05T19:57:59.628Z In(05) vcpu-1 VMCI: Capabilities in use by device: 0x1c.
2025-11-05T19:57:59.725Z In(05) vcpu-0 AHCI-VMM:HBA reset issued on sata0.
2025-11-05T19:58:01.680Z In(05) vcpu-0 NVME-VMM: Controller level reset via CC.EN bit transition on nvme0
2025-11-05T19:58:01.680Z In(05) vcpu-0 NVME-CORE: Doing a partial reset of controller regs and queues.
2025-11-05T19:58:02.049Z In(05) vcpu-1 SVGA: Unregistering IOSpace at 0x2040
2025-11-05T19:58:02.049Z In(05) vcpu-1 SVGA: Unregistering MemSpace at 0xf0000000(0xf0000000) and 0xfb800000(0xfb800000)
2025-11-05T19:58:02.049Z In(05) vcpu-1 SVGA: FIFO is already mapped
2025-11-05T19:58:02.049Z In(05) vcpu-1 SVGA: Registering IOSpace at 0x2040
2025-11-05T19:58:02.049Z In(05) vcpu-1 SVGA: Registering MemSpace at 0xf0000000(0xf0000000) and 0xfb800000(0xfb800000)
2025-11-05T19:58:02.049Z In(05) vcpu-1 SVGA: FIFO is already mapped
2025-11-05T19:58:02.120Z In(05) vcpu-1 CDROM: Emulate GET CONFIGURATION RT 0 starting feature 0
2025-11-05T19:58:02.120Z In(05) vcpu-1 CDROM: Emulate GET CONFIGURATION RT 2 starting feature 0
2025-11-05T19:58:02.120Z In(05) vcpu-1 CDROM: Emulate GET CONFIGURATION RT 0 starting feature 0
2025-11-05T19:58:02.120Z In(05) vcpu-1 CDROM: Emulate GET CONFIGURATION RT 0 starting feature 0
2025-11-05T19:58:02.120Z In(05) vcpu-1 CDROM: Unknown command 0xA4.
2025-11-05T19:58:02.120Z In(05) vcpu-1 CDROM sata0:1: CMD 0xa4 (*UNKNOWN (0xa4)*) FAILED (key 0x5 asc 0x20 ascq 0)
2025-11-05T19:58:02.124Z In(05) vcpu-0 CDROM: Emulate GET CONFIGURATION RT 1 starting feature 0
2025-11-05T19:58:02.179Z In(05) vcpu-1 PCIXHCI: Interrupt type changed from INTX to MSIX
2025-11-05T19:58:02.180Z Wa(03) vcpu-1 HDAudio: HDAudioControllerReset: RIRB run bit is set.
2025-11-05T19:58:02.486Z In(05) vcpu-1 CDROM: Emulate GET CONFIGURATION RT 2 starting feature 0
2025-11-05T19:58:02.486Z In(05) vcpu-1 CDROM: Emulate GET CONFIGURATION RT 2 starting feature 0
2025-11-05T19:58:02.486Z In(05) vcpu-1 CDROM: Emulate GET CONFIGURATION RT 2 starting feature 263
2025-11-05T19:58:02.488Z In(05) vcpu-1 CDROM: Emulate GET CONFIGURATION RT 2 starting feature 263
2025-11-05T19:58:04.087Z In(05) vmx DISKLIB-LIB   : numIOs = 150000 numMergedIOs = 21905 numSplitIOs = 4166
2025-11-05T19:58:05.374Z In(05) vcpu-0 CDROM: Emulate GET CONFIGURATION RT 2 starting feature 0
2025-11-05T19:58:05.374Z In(05) vcpu-0 CDROM: Emulate GET CONFIGURATION RT 2 starting feature 30
2025-11-05T19:58:05.374Z In(05) vcpu-0 CDROM: Emulate GET CONFIGURATION RT 2 starting feature 31
2025-11-05T19:58:05.374Z In(05) vcpu-0 CDROM: Emulate GET CONFIGURATION RT 2 starting feature 32
2025-11-05T19:58:05.374Z In(05) vcpu-0 CDROM: Emulate GET CONFIGURATION RT 2 starting feature 33
2025-11-05T19:58:05.374Z In(05) vcpu-0 CDROM: Emulate GET CONFIGURATION RT 2 starting feature 35
2025-11-05T19:58:05.375Z In(05) vcpu-0 CDROM: Emulate GET CONFIGURATION RT 2 starting feature 36
2025-11-05T19:58:05.375Z In(05) vcpu-0 CDROM: Emulate GET CONFIGURATION RT 2 starting feature 38
2025-11-05T19:58:05.375Z In(05) vcpu-0 CDROM: Emulate GET CONFIGURATION RT 2 starting feature 42
2025-11-05T19:58:05.375Z In(05) vcpu-0 CDROM: Emulate GET CONFIGURATION RT 2 starting feature 43
2025-11-05T19:58:05.375Z In(05) vcpu-0 CDROM: Emulate GET CONFIGURATION RT 2 starting feature 45
2025-11-05T19:58:05.375Z In(05) vcpu-0 CDROM: Emulate GET CONFIGURATION RT 2 starting feature 46
2025-11-05T19:58:05.375Z In(05) vcpu-0 CDROM: Emulate GET CONFIGURATION RT 2 starting feature 47
2025-11-05T19:58:05.375Z In(05) vcpu-0 CDROM: Emulate GET CONFIGURATION RT 2 starting feature 64
2025-11-05T19:58:05.375Z In(05) vcpu-0 CDROM: Emulate GET CONFIGURATION RT 2 starting feature 65
2025-11-05T19:58:05.375Z In(05) vcpu-0 CDROM: Emulate GET CONFIGURATION RT 2 starting feature 259
2025-11-05T19:58:20.556Z In(05) vcpu-0 Tools: Tools heartbeat timeout.
2025-11-05T19:58:20.556Z In(05) vcpu-0 Tools: Running status rpc handler: 1 => 0.
2025-11-05T19:58:20.556Z In(05) vcpu-0 Tools: Changing running status: 1 => 0.
2025-11-05T19:58:20.556Z In(05) vcpu-0 Tools: [RunningStatus] Last heartbeat value 7 (last received 20s ago)
2025-11-05T19:58:20.556Z In(05) vcpu-0 TOOLS hostVerifiedSamlToken capability set to FALSE.
2025-11-05T19:58:35.114Z In(05) vcpu-1 CDROM: Emulate GET CONFIGURATION RT 1 starting feature 0
2025-11-05T19:58:35.119Z In(05) vcpu-0 CDROM: Emulate GET CONFIGURATION RT 2 starting feature 0
2025-11-05T19:58:35.119Z In(05) vcpu-0 CDROM: Emulate GET CONFIGURATION RT 2 starting feature 0
2025-11-05T19:58:35.119Z In(05) vcpu-0 CDROM: Emulate GET CONFIGURATION RT 1 starting feature 0
2025-11-05T19:58:35.120Z In(05) vcpu-0 CDROM: Emulate GET CONFIGURATION RT 2 starting feature 0
2025-11-05T19:58:35.120Z In(05) vcpu-0 CDROM: Emulate GET CONFIGURATION RT 2 starting feature 0
2025-11-05T19:58:35.122Z In(05) vcpu-0 CDROM: Emulate GET CONFIGURATION RT 1 starting feature 0
2025-11-05T19:58:35.122Z In(05) vcpu-0 CDROM: Emulate GET CONFIGURATION RT 2 starting feature 0
2025-11-05T19:58:35.122Z In(05) vcpu-0 CDROM: Emulate GET CONFIGURATION RT 2 starting feature 0
2025-11-05T19:58:35.131Z In(05) vcpu-0 CDROM: Emulate GET CONFIGURATION RT 1 starting feature 0
2025-11-05T19:58:35.132Z In(05) vcpu-0 CDROM: Emulate GET CONFIGURATION RT 2 starting feature 0
2025-11-05T19:58:35.132Z In(05) vcpu-0 CDROM: Emulate GET CONFIGURATION RT 2 starting feature 0
2025-11-05T19:58:35.132Z In(05) vcpu-0 CDROM: Emulate GET CONFIGURATION RT 1 starting feature 0
2025-11-05T19:58:35.132Z In(05) vcpu-0 CDROM: Emulate GET CONFIGURATION RT 2 starting feature 0
2025-11-05T19:58:35.132Z In(05) vcpu-0 CDROM: Emulate GET CONFIGURATION RT 2 starting feature 0
2025-11-05T19:58:35.133Z In(05) vcpu-0 CDROM: Emulate GET CONFIGURATION RT 1 starting feature 0
2025-11-05T19:58:35.134Z In(05) vcpu-0 CDROM: Emulate GET CONFIGURATION RT 2 starting feature 0
2025-11-05T19:58:35.134Z In(05) vcpu-0 CDROM: Emulate GET CONFIGURATION RT 2 starting feature 0
2025-11-05T19:58:36.727Z In(05) mks MKS-VMDB: VMDB requested a screenshot
2025-11-05T19:58:36.727Z In(05) svga MKSScreenShotMgr: Taking a screenshot
2025-11-05T19:59:19.550Z In(05) vmx Msg_Post: Warning
2025-11-05T19:59:19.550Z In(05) vmx [msg.keyboardHook.cad.hotkey] To send "Ctrl+Alt+Delete" only to the virtual machine, type "Ctrl+Alt+Insert" instead.
2025-11-05T19:59:19.550Z In(05) vmx ----------------------------------------
2025-11-05T20:00:19.928Z In(05) vcpu-1 CDROM: Emulate GET CONFIGURATION RT 2 starting feature 0
2025-11-05T20:00:19.928Z In(05) vcpu-1 CDROM: Emulate GET CONFIGURATION RT 2 starting feature 0
2025-11-05T20:00:19.930Z In(05) vcpu-0 CDROM: Emulate GET CONFIGURATION RT 2 starting feature 0
2025-11-05T20:00:19.930Z In(05) vcpu-0 CDROM: Emulate GET CONFIGURATION RT 2 starting feature 0
2025-11-05T20:00:19.930Z In(05) vcpu-1 CDROM: Emulate GET CONFIGURATION RT 2 starting feature 45
2025-11-05T20:00:19.930Z In(05) vcpu-1 CDROM: Emulate GET CONFIGURATION RT 2 starting feature 45
2025-11-05T20:00:19.930Z In(05) vcpu-1 CDROM: Emulate GET CONFIGURATION RT 2 starting feature 47
2025-11-05T20:00:19.930Z In(05) vcpu-1 CDROM: Emulate GET CONFIGURATION RT 2 starting feature 47
2025-11-05T20:00:19.930Z In(05) vcpu-1 CDROM: Emulate GET CONFIGURATION RT 2 starting feature 43
2025-11-05T20:00:19.930Z In(05) vcpu-1 CDROM: Emulate GET CONFIGURATION RT 2 starting feature 43
2025-11-05T20:00:19.930Z In(05) vcpu-1 CDROM: Emulate GET CONFIGURATION RT 2 starting feature 42
2025-11-05T20:00:19.930Z In(05) vcpu-1 CDROM: Emulate GET CONFIGURATION RT 2 starting feature 42
2025-11-05T20:00:19.930Z In(05) vcpu-1 CDROM: Emulate GET CONFIGURATION RT 2 starting feature 59
2025-11-05T20:00:19.930Z In(05) vcpu-1 CDROM: Emulate GET CONFIGURATION RT 2 starting feature 59
2025-11-05T20:00:19.931Z In(05) vcpu-1 CDROM: Emulate GET CONFIGURATION RT 2 starting feature 65
2025-11-05T20:00:19.931Z In(05) vcpu-1 CDROM: Emulate GET CONFIGURATION RT 2 starting feature 65
2025-11-05T20:00:19.931Z In(05) vcpu-1 CDROM: Emulate GET CONFIGURATION RT 2 starting feature 0
2025-11-05T20:00:19.931Z In(05) vcpu-0 CDROM: Emulate GET CONFIGURATION RT 2 starting feature 0
2025-11-05T20:00:19.935Z In(05) vcpu-0 CDROM: Emulate GET CONFIGURATION RT 2 starting feature 0
2025-11-05T20:00:19.935Z In(05) vcpu-0 CDROM: Emulate GET CONFIGURATION RT 2 starting feature 0
2025-11-05T20:00:19.935Z In(05) vcpu-0 CDROM: Emulate GET CONFIGURATION RT 2 starting feature 45
2025-11-05T20:00:19.936Z In(05) vcpu-0 CDROM: Emulate GET CONFIGURATION RT 2 starting feature 45
2025-11-05T20:00:19.936Z In(05) vcpu-0 CDROM: Emulate GET CONFIGURATION RT 2 starting feature 47
2025-11-05T20:00:19.936Z In(05) vcpu-0 CDROM: Emulate GET CONFIGURATION RT 2 starting feature 47
2025-11-05T20:00:19.936Z In(05) vcpu-0 CDROM: Emulate GET CONFIGURATION RT 2 starting feature 43
2025-11-05T20:00:19.936Z In(05) vcpu-0 CDROM: Emulate GET CONFIGURATION RT 2 starting feature 43
2025-11-05T20:00:19.936Z In(05) vcpu-0 CDROM: Emulate GET CONFIGURATION RT 2 starting feature 42
2025-11-05T20:00:19.936Z In(05) vcpu-0 CDROM: Emulate GET CONFIGURATION RT 2 starting feature 42
2025-11-05T20:00:19.936Z In(05) vcpu-0 CDROM: Emulate GET CONFIGURATION RT 2 starting feature 59
2025-11-05T20:00:19.936Z In(05) vcpu-0 CDROM: Emulate GET CONFIGURATION RT 2 starting feature 59
2025-11-05T20:00:19.936Z In(05) vcpu-0 CDROM: Emulate GET CONFIGURATION RT 2 starting feature 65
2025-11-05T20:00:19.936Z In(05) vcpu-0 CDROM: Emulate GET CONFIGURATION RT 2 starting feature 65
2025-11-05T20:00:19.936Z In(05) vcpu-0 CDROM: Emulate GET CONFIGURATION RT 2 starting feature 0
2025-11-05T20:00:19.937Z In(05) vcpu-0 CDROM: Emulate GET CONFIGURATION RT 2 starting feature 0
2025-11-05T20:00:19.937Z In(05) vcpu-1 CDROM: Emulate GET CONFIGURATION RT 2 starting feature 31
2025-11-05T20:00:19.937Z In(05) vcpu-1 CDROM: Emulate GET CONFIGURATION RT 2 starting feature 31
2025-11-05T20:00:19.937Z In(05) vcpu-1 CDROM: Emulate GET CONFIGURATION RT 2 starting feature 64
2025-11-05T20:00:19.937Z In(05) vcpu-1 CDROM: Emulate GET CONFIGURATION RT 2 starting feature 64
2025-11-05T20:00:19.937Z In(05) vcpu-0 CDROM: Emulate GET CONFIGURATION RT 2 starting feature 31
2025-11-05T20:00:19.937Z In(05) vcpu-0 CDROM: Emulate GET CONFIGURATION RT 2 starting feature 31
2025-11-05T20:00:19.937Z In(05) vcpu-0 CDROM: Emulate GET CONFIGURATION RT 2 starting feature 64
2025-11-05T20:00:19.937Z In(05) vcpu-0 CDROM: Emulate GET CONFIGURATION RT 2 starting feature 64
2025-11-05T20:00:19.937Z In(05) vcpu-0 CDROM: Emulate GET CONFIGURATION RT 2 starting feature 31
2025-11-05T20:00:19.938Z In(05) vcpu-0 CDROM: Emulate GET CONFIGURATION RT 2 starting feature 31
2025-11-05T20:00:19.938Z In(05) vcpu-0 CDROM: Emulate GET CONFIGURATION RT 2 starting feature 64
2025-11-05T20:00:19.938Z In(05) vcpu-0 CDROM: Emulate GET CONFIGURATION RT 2 starting feature 64
2025-11-05T20:00:19.938Z In(05) vcpu-1 CDROM sata0:1: CMD 0xad (*UNKNOWN (0xad)*) FAILED (key 0x5 asc 0x24 ascq 0)
2025-11-05T20:00:19.940Z In(05) vcpu-1 CDROM: Emulate GET CONFIGURATION RT 2 starting feature 31
2025-11-05T20:00:19.940Z In(05) vcpu-1 CDROM: Emulate GET CONFIGURATION RT 2 starting feature 31
2025-11-05T20:00:19.940Z In(05) vcpu-1 CDROM: Emulate GET CONFIGURATION RT 2 starting feature 64
2025-11-05T20:00:19.941Z In(05) vcpu-1 CDROM: Emulate GET CONFIGURATION RT 2 starting feature 64
2025-11-05T20:00:19.941Z In(05) vcpu-0 CDROM: Emulate GET CONFIGURATION RT 2 starting feature 31
2025-11-05T20:00:19.942Z In(05) vcpu-0 CDROM: Emulate GET CONFIGURATION RT 2 starting feature 31
2025-11-05T20:00:19.942Z In(05) vcpu-0 CDROM: Emulate GET CONFIGURATION RT 2 starting feature 64
2025-11-05T20:00:19.942Z In(05) vcpu-0 CDROM: Emulate GET CONFIGURATION RT 2 starting feature 64
2025-11-05T20:00:19.942Z In(05) vcpu-1 CDROM: Emulate GET CONFIGURATION RT 2 starting feature 31
2025-11-05T20:00:19.942Z In(05) vcpu-1 CDROM: Emulate GET CONFIGURATION RT 2 starting feature 31
2025-11-05T20:00:19.942Z In(05) vcpu-1 CDROM: Emulate GET CONFIGURATION RT 2 starting feature 64
2025-11-05T20:00:19.942Z In(05) vcpu-1 CDROM: Emulate GET CONFIGURATION RT 2 starting feature 64
2025-11-05T20:00:19.942Z In(05) vcpu-1 CDROM sata0:1: CMD 0xad (*UNKNOWN (0xad)*) FAILED (key 0x5 asc 0x24 ascq 0)
2025-11-05T20:00:19.942Z In(05) vcpu-1 CDROM: Emulate GET CONFIGURATION RT 2 starting feature 31
2025-11-05T20:00:19.942Z In(05) vcpu-1 CDROM: Emulate GET CONFIGURATION RT 2 starting feature 31
2025-11-05T20:00:19.942Z In(05) vcpu-1 CDROM: Emulate GET CONFIGURATION RT 2 starting feature 64
2025-11-05T20:00:19.942Z In(05) vcpu-1 CDROM: Emulate GET CONFIGURATION RT 2 starting feature 64
2025-11-05T20:00:19.943Z In(05) vcpu-1 CDROM: Emulate GET CONFIGURATION RT 2 starting feature 31
2025-11-05T20:00:19.943Z In(05) vcpu-1 CDROM: Emulate GET CONFIGURATION RT 2 starting feature 31
2025-11-05T20:00:19.943Z In(05) vcpu-1 CDROM: Emulate GET CONFIGURATION RT 2 starting feature 64
2025-11-05T20:00:19.943Z In(05) vcpu-1 CDROM: Emulate GET CONFIGURATION RT 2 starting feature 64
2025-11-05T20:00:19.943Z In(05) vcpu-0 CDROM: Emulate GET CONFIGURATION RT 2 starting feature 31
2025-11-05T20:00:19.943Z In(05) vcpu-0 CDROM: Emulate GET CONFIGURATION RT 2 starting feature 31
2025-11-05T20:00:19.944Z In(05) vcpu-0 CDROM: Emulate GET CONFIGURATION RT 2 starting feature 64
2025-11-05T20:00:19.944Z In(05) vcpu-0 CDROM: Emulate GET CONFIGURATION RT 2 starting feature 64
2025-11-05T20:00:19.944Z In(05) vcpu-1 CDROM sata0:1: CMD 0xad (*UNKNOWN (0xad)*) FAILED (key 0x5 asc 0x24 ascq 0)
2025-11-05T20:00:19.944Z In(05) vcpu-0 CDROM: Emulate GET CONFIGURATION RT 2 starting feature 31
2025-11-05T20:00:19.944Z In(05) vcpu-0 CDROM: Emulate GET CONFIGURATION RT 2 starting feature 31
2025-11-05T20:00:19.944Z In(05) vcpu-0 CDROM: Emulate GET CONFIGURATION RT 2 starting feature 64
2025-11-05T20:00:19.944Z In(05) vcpu-0 CDROM: Emulate GET CONFIGURATION RT 2 starting feature 64
2025-11-05T20:00:19.945Z In(05) vcpu-1 CDROM: Emulate GET CONFIGURATION RT 2 starting feature 31
2025-11-05T20:00:19.945Z In(05) vcpu-1 CDROM: Emulate GET CONFIGURATION RT 2 starting feature 31
2025-11-05T20:00:19.945Z In(05) vcpu-1 CDROM: Emulate GET CONFIGURATION RT 2 starting feature 64
2025-11-05T20:00:19.945Z In(05) vcpu-1 CDROM: Emulate GET CONFIGURATION RT 2 starting feature 64
2025-11-05T20:00:19.945Z In(05) vcpu-1 CDROM: Emulate GET CONFIGURATION RT 2 starting feature 31
2025-11-05T20:00:19.945Z In(05) vcpu-1 CDROM: Emulate GET CONFIGURATION RT 2 starting feature 31
2025-11-05T20:00:19.945Z In(05) vcpu-1 CDROM: Emulate GET CONFIGURATION RT 2 starting feature 64
2025-11-05T20:00:19.945Z In(05) vcpu-1 CDROM: Emulate GET CONFIGURATION RT 2 starting feature 64
2025-11-05T20:00:19.945Z In(05) vcpu-1 CDROM: Emulate GET CONFIGURATION RT 2 starting feature 0
2025-11-05T20:00:19.945Z In(05) vcpu-1 CDROM: Emulate GET CONFIGURATION RT 2 starting feature 0
2025-11-05T20:00:19.946Z In(05) vcpu-1 CDROM: Emulate GET CONFIGURATION RT 2 starting feature 45
2025-11-05T20:00:19.946Z In(05) vcpu-1 CDROM: Emulate GET CONFIGURATION RT 2 starting feature 45
2025-11-05T20:00:19.946Z In(05) vcpu-1 CDROM: Emulate GET CONFIGURATION RT 2 starting feature 47
2025-11-05T20:00:19.946Z In(05) vcpu-1 CDROM: Emulate GET CONFIGURATION RT 2 starting feature 47
2025-11-05T20:00:19.946Z In(05) vcpu-1 CDROM: Emulate GET CONFIGURATION RT 2 starting feature 43
2025-11-05T20:00:19.946Z In(05) vcpu-1 CDROM: Emulate GET CONFIGURATION RT 2 starting feature 43
2025-11-05T20:00:19.946Z In(05) vcpu-1 CDROM: Emulate GET CONFIGURATION RT 2 starting feature 42
2025-11-05T20:00:19.946Z In(05) vcpu-1 CDROM: Emulate GET CONFIGURATION RT 2 starting feature 42
2025-11-05T20:00:19.946Z In(05) vcpu-1 CDROM: Emulate GET CONFIGURATION RT 2 starting feature 59
2025-11-05T20:00:19.946Z In(05) vcpu-1 CDROM: Emulate GET CONFIGURATION RT 2 starting feature 59
2025-11-05T20:00:19.946Z In(05) vcpu-1 CDROM: Emulate GET CONFIGURATION RT 2 starting feature 65
2025-11-05T20:00:19.946Z In(05) vcpu-1 CDROM: Emulate GET CONFIGURATION RT 2 starting feature 65
2025-11-05T20:00:19.947Z In(05) vcpu-1 CDROM: Emulate GET CONFIGURATION RT 2 starting feature 0
2025-11-05T20:00:19.947Z In(05) vcpu-1 CDROM: Emulate GET CONFIGURATION RT 2 starting feature 0
2025-11-05T20:00:19.948Z In(05) vcpu-1 CDROM: Emulate GET CONFIGURATION RT 2 starting feature 33
2025-11-05T20:00:19.948Z In(05) vcpu-1 CDROM: Emulate GET CONFIGURATION RT 2 starting feature 33
2025-11-05T20:00:19.948Z In(05) vcpu-1 CDROM: Emulate GET CONFIGURATION RT 2 starting feature 32
2025-11-05T20:00:19.948Z In(05) vcpu-1 CDROM: Emulate GET CONFIGURATION RT 2 starting feature 32
2025-11-05T20:00:19.948Z In(05) vcpu-1 CDROM: Emulate GET CONFIGURATION RT 2 starting feature 38
2025-11-05T20:00:19.948Z In(05) vcpu-1 CDROM: Emulate GET CONFIGURATION RT 2 starting feature 38
2025-11-05T20:00:19.949Z In(05) vcpu-1 CDROM: Emulate GET CONFIGURATION RT 2 starting feature 45
2025-11-05T20:00:19.949Z In(05) vcpu-1 CDROM: Emulate GET CONFIGURATION RT 2 starting feature 45
2025-11-05T20:00:19.949Z In(05) vcpu-1 CDROM: Emulate GET CONFIGURATION RT 2 starting feature 44
2025-11-05T20:00:19.949Z In(05) vcpu-1 CDROM: Emulate GET CONFIGURATION RT 2 starting feature 44
2025-11-05T20:00:19.949Z In(05) vcpu-1 CDROM: Emulate GET CONFIGURATION RT 2 starting feature 47
2025-11-05T20:00:19.949Z In(05) vcpu-1 CDROM: Emulate GET CONFIGURATION RT 2 starting feature 47
2025-11-05T20:00:19.950Z In(05) vcpu-1 CDROM: Emulate GET CONFIGURATION RT 2 starting feature 65
2025-11-05T20:00:19.950Z In(05) vcpu-1 CDROM: Emulate GET CONFIGURATION RT 2 starting feature 65
2025-11-05T20:00:19.950Z In(05) vcpu-1 CDROM: Emulate GET CONFIGURATION RT 2 starting feature 42
2025-11-05T20:00:19.950Z In(05) vcpu-1 CDROM: Emulate GET CONFIGURATION RT 2 starting feature 42
2025-11-05T20:00:19.951Z In(05) vcpu-1 CDROM: Emulate GET CONFIGURATION RT 2 starting feature 33
2025-11-05T20:00:19.951Z In(05) vcpu-1 CDROM: Emulate GET CONFIGURATION RT 2 starting feature 33
2025-11-05T20:00:19.951Z In(05) vcpu-1 CDROM: Emulate GET CONFIGURATION RT 2 starting feature 32
2025-11-05T20:00:19.951Z In(05) vcpu-0 CDROM: Emulate GET CONFIGURATION RT 2 starting feature 32
2025-11-05T20:00:19.951Z In(05) vcpu-0 CDROM: Emulate GET CONFIGURATION RT 2 starting feature 38
2025-11-05T20:00:19.951Z In(05) vcpu-0 CDROM: Emulate GET CONFIGURATION RT 2 starting feature 38
2025-11-05T20:00:19.951Z In(05) vcpu-0 CDROM: Emulate GET CONFIGURATION RT 2 starting feature 45
2025-11-05T20:00:19.951Z In(05) vcpu-0 CDROM: Emulate GET CONFIGURATION RT 2 starting feature 45
2025-11-05T20:00:19.951Z In(05) vcpu-0 CDROM: Emulate GET CONFIGURATION RT 2 starting feature 44
2025-11-05T20:00:19.951Z In(05) vcpu-0 CDROM: Emulate GET CONFIGURATION RT 2 starting feature 44
2025-11-05T20:00:19.951Z In(05) vcpu-0 CDROM: Emulate GET CONFIGURATION RT 2 starting feature 47
2025-11-05T20:00:19.951Z In(05) vcpu-0 CDROM: Emulate GET CONFIGURATION RT 2 starting feature 47
2025-11-05T20:00:19.951Z In(05) vcpu-0 CDROM: Emulate GET CONFIGURATION RT 2 starting feature 65
2025-11-05T20:00:19.951Z In(05) vcpu-0 CDROM: Emulate GET CONFIGURATION RT 2 starting feature 65
2025-11-05T20:00:19.951Z In(05) vcpu-0 CDROM: Emulate GET CONFIGURATION RT 2 starting feature 42
2025-11-05T20:00:19.952Z In(05) vcpu-0 CDROM: Emulate GET CONFIGURATION RT 2 starting feature 42
2025-11-05T20:01:55.540Z In(05) vmx DISKLIB-LIB   : numIOs = 200000 numMergedIOs = 30720 numSplitIOs = 5733
2025-11-05T20:07:53.948Z In(05) vmx GuestRpcSendTimedOut: message to toolbox timed out.
2025-11-05T20:07:53.948Z Wa(03) vmx ToolsTimeSyncRpcCompletionRoutine: Timeout while sending guestrpc
2025-11-05T20:09:10.293Z In(05) vmx DISKLIB-LIB   : numIOs = 250000 numMergedIOs = 36499 numSplitIOs = 6491
2025-11-05T20:10:29.675Z In(05) vmx DISKLIB-LIB   : numIOs = 300000 numMergedIOs = 43022 numSplitIOs = 7310
2025-11-05T20:16:18.158Z In(05) vmx MemSched: caller 1 numvm 2 locked pages: num 938585 max 3420851
2025-11-05T20:16:18.158Z In(05) vmx MemSched: locked Page Limit: host 3437235 config 3459328
2025-11-05T20:16:18.158Z In(05) vmx MemSched: minmempct 50  timestamp 240383
2025-11-05T20:16:18.158Z In(05) vmx MemSched: VM 0 min 305065 max 567209 shares 524288 paged 608407 nonpaged 34881 anonymous 8040 locked 410766 touchedPct 38 dirtiedPct 30 timestamp 240382 vmResponsive is 1
2025-11-05T20:16:18.158Z In(05) vmx MemSched: VM 1 min 301843 max 563987 shares 524288 paged 608922 nonpaged 35366 anonymous 4333 locked 527819 touchedPct 48 dirtiedPct 17 timestamp 240383 vmResponsive is 1
2025-11-05T20:16:18.158Z In(05) vmx MemSched: locked 527819 target 563987 balloon 0 0 0 swapped 2701 0 allocd 1 512 state 0 100
2025-11-05T20:16:18.158Z In(05) vmx MemSched: states: 0 1801 : 1 0 : 2 0 : 3 0
2025-11-05T20:16:18.158Z In(05) vmx MemSched: Balloon enabled 1 guestType 0 maxSize 0
2025-11-05T20:23:42.797Z In(05) vmx DISKLIB-LIB   : numIOs = 350000 numMergedIOs = 51568 numSplitIOs = 8616
2025-11-05T20:24:10.274Z In(05) vcpu-0 CDROM: Emulate GET CONFIGURATION RT 0 starting feature 0
2025-11-05T20:24:10.274Z In(05) vcpu-1 CDROM sata0:1: CMD 0x52 (*UNKNOWN (0x52)*) FAILED (key 0x5 asc 0x20 ascq 0)
2025-11-05T20:24:10.530Z In(05) vcpu-1 CDROM: Emulate GET CONFIGURATION RT 0 starting feature 0
2025-11-05T20:24:10.530Z In(05) vcpu-0 CDROM sata0:1: CMD 0x52 (*UNKNOWN (0x52)*) FAILED (key 0x5 asc 0x20 ascq 0)
2025-11-05T20:24:10.613Z In(05) vcpu-0 CDROM: Emulate GET CONFIGURATION RT 0 starting feature 0
2025-11-05T20:24:10.613Z In(05) vcpu-1 CDROM sata0:1: CMD 0x52 (*UNKNOWN (0x52)*) FAILED (key 0x5 asc 0x20 ascq 0)
2025-11-05T20:24:10.694Z In(05) vcpu-1 CDROM: Emulate GET CONFIGURATION RT 0 starting feature 0
2025-11-05T20:24:10.694Z In(05) vcpu-0 CDROM sata0:1: CMD 0x52 (*UNKNOWN (0x52)*) FAILED (key 0x5 asc 0x20 ascq 0)
2025-11-05T20:24:10.776Z In(05) vcpu-0 CDROM: Emulate GET CONFIGURATION RT 0 starting feature 0
2025-11-05T20:24:10.776Z In(05) vcpu-1 CDROM sata0:1: CMD 0x52 (*UNKNOWN (0x52)*) FAILED (key 0x5 asc 0x20 ascq 0)
2025-11-05T20:25:37.237Z In(05) vcpu-0 CDROM: Emulate GET CONFIGURATION RT 0 starting feature 0
2025-11-05T20:25:37.237Z In(05) vcpu-1 CDROM sata0:1: CMD 0x52 (*UNKNOWN (0x52)*) FAILED (key 0x5 asc 0x20 ascq 0)
2025-11-05T20:25:37.333Z In(05) vcpu-1 CDROM: Emulate GET CONFIGURATION RT 0 starting feature 0
2025-11-05T20:25:37.334Z In(05) vcpu-0 CDROM sata0:1: CMD 0x52 (*UNKNOWN (0x52)*) FAILED (key 0x5 asc 0x20 ascq 0)
2025-11-05T20:25:37.421Z In(05) vcpu-1 CDROM: Emulate GET CONFIGURATION RT 0 starting feature 0
2025-11-05T20:25:37.421Z In(05) vcpu-0 CDROM sata0:1: CMD 0x52 (*UNKNOWN (0x52)*) FAILED (key 0x5 asc 0x20 ascq 0)
2025-11-05T20:25:37.514Z In(05) vcpu-1 CDROM: Emulate GET CONFIGURATION RT 0 starting feature 0
2025-11-05T20:25:37.515Z In(05) vcpu-0 CDROM sata0:1: CMD 0x52 (*UNKNOWN (0x52)*) FAILED (key 0x5 asc 0x20 ascq 0)
2025-11-05T20:25:37.601Z In(05) vcpu-1 CDROM: Emulate GET CONFIGURATION RT 0 starting feature 0
2025-11-05T20:25:37.601Z In(05) vcpu-0 CDROM sata0:1: CMD 0x52 (*UNKNOWN (0x52)*) FAILED (key 0x5 asc 0x20 ascq 0)
2025-11-05T20:25:37.693Z In(05) vcpu-1 CDROM: Emulate GET CONFIGURATION RT 0 starting feature 0
2025-11-05T20:25:37.693Z In(05) vcpu-0 CDROM sata0:1: CMD 0x52 (*UNKNOWN (0x52)*) FAILED (key 0x5 asc 0x20 ascq 0)
2025-11-05T20:25:37.782Z In(05) vcpu-0 CDROM: Emulate GET CONFIGURATION RT 0 starting feature 0
2025-11-05T20:25:37.782Z In(05) vcpu-1 CDROM sata0:1: CMD 0x52 (*UNKNOWN (0x52)*) FAILED (key 0x5 asc 0x20 ascq 0)
2025-11-05T20:25:37.871Z In(05) vcpu-1 CDROM: Emulate GET CONFIGURATION RT 0 starting feature 0
2025-11-05T20:25:37.871Z In(05) vcpu-0 CDROM sata0:1: CMD 0x52 (*UNKNOWN (0x52)*) FAILED (key 0x5 asc 0x20 ascq 0)
2025-11-05T20:25:37.998Z In(05) vcpu-1 CDROM: Emulate GET CONFIGURATION RT 0 starting feature 0
2025-11-05T20:25:37.999Z In(05) vcpu-0 CDROM sata0:1: CMD 0x52 (*UNKNOWN (0x52)*) FAILED (key 0x5 asc 0x20 ascq 0)
2025-11-05T20:26:39.332Z In(05) vcpu-0 CDROM: Emulate GET CONFIGURATION RT 0 starting feature 0
2025-11-05T20:26:39.333Z In(05) vcpu-1 CDROM sata0:1: CMD 0x52 (*UNKNOWN (0x52)*) FAILED (key 0x5 asc 0x20 ascq 0)
2025-11-05T20:41:01.347Z In(05) mks MKS-VMDB: VMDB requested a screenshot
2025-11-05T20:41:01.347Z In(05) svga MKSScreenShotMgr: Taking a screenshot
2025-11-05T20:46:27.396Z In(05) vmx MemSched: caller 1 numvm 2 locked pages: num 889116 max 3390469
2025-11-05T20:46:27.396Z In(05) vmx MemSched: locked Page Limit: host 3406853 config 3459328
2025-11-05T20:46:27.396Z In(05) vmx MemSched: minmempct 50  timestamp 242192
2025-11-05T20:46:27.396Z In(05) vmx MemSched: VM 0 min 305065 max 567209 shares 524288 paged 608407 nonpaged 34881 anonymous 8040 locked 380428 touchedPct 13 dirtiedPct 4 timestamp 242191 vmResponsive is 1
2025-11-05T20:46:27.396Z In(05) vmx MemSched: VM 1 min 301843 max 563987 shares 524288 paged 608922 nonpaged 35366 anonymous 4333 locked 508688 touchedPct 12 dirtiedPct 2 timestamp 242192 vmResponsive is 1
2025-11-05T20:46:27.396Z In(05) vmx MemSched: locked 508688 target 563987 balloon 0 0 0 swapped 21829 0 allocd 6 512 state 0 100
2025-11-05T20:46:27.396Z In(05) vmx MemSched: states: 0 3601 : 1 0 : 2 0 : 3 0
2025-11-05T20:46:27.396Z In(05) vmx MemSched: Balloon enabled 1 guestType 0 maxSize 0
2025-11-05T20:49:35.402Z In(05) vmx TOOLS INSTALL entering BEGINNING state.
2025-11-05T20:49:35.403Z In(05) vmx TOOLS INSTALL updating Rpc handlers registration.
2025-11-05T20:49:35.403Z In(05) vmx TOOLS INSTALL toolInstall.guestStoreEnabled=0
2025-11-05T20:49:35.403Z In(05) vmx ToolsISO: Refreshing imageName for 'windows2019srv-64' (refreshCount=1, lastCount=1).
2025-11-05T20:49:35.404Z In(05) vmx ToolsISO: open of C:\Program Files (x86)\VMware\VMware Workstation\isoimages_manifest.txt.sig failed: Could not find the file
2025-11-05T20:49:35.404Z In(05) vmx ToolsISO: Unable to read signature file 'C:\Program Files (x86)\VMware\VMware Workstation\isoimages_manifest.txt.sig', ignoring.
2025-11-05T20:49:35.404Z In(05) vmx ToolsISO: Updated cached value for imageName to 'windows.iso'.
2025-11-05T20:49:35.404Z In(05) vmx ToolsISO: Selected Tools ISO 'windows.iso' for 'windows2019srv-64' guest.
2025-11-05T20:49:35.405Z In(05) vmx TOOLS INSTALL Scanning device sata0:1 (D:\systems\17763.3650.221105-1748.rs5_release_svc_refresh_SERVER_EVAL_x64FRE_en-us.iso).
2025-11-05T20:49:35.405Z In(05) vmx TOOLS INSTALL Attempting image mount.
2025-11-05T20:49:35.405Z In(05) vmx TOOLS INSTALL using device 'sata0:1'.
2025-11-05T20:49:35.405Z In(05) vmx CDROM: Disconnected cdrom: sata0:1
2025-11-05T20:49:35.406Z No(00) vmx ConfigDB: Setting toolsInstall.origFileName = "D:\systems\17763.3650.221105-1748.rs5_release_svc_refresh_SERVER_EVAL_x64FRE_en-us.iso"
2025-11-05T20:49:35.406Z No(00) vmx ConfigDB: Setting toolsInstall.origType = "cdrom-image"
2025-11-05T20:49:35.406Z No(00) vmx ConfigDB: Setting toolsInstall.origClientDevice = "FALSE"
2025-11-05T20:49:35.406Z In(05) vmx ToolsISO: Refreshing imageName for 'windows2019srv-64' (refreshCount=1, lastCount=1).
2025-11-05T20:49:35.406Z In(05) vmx ToolsISO: open of C:\Program Files (x86)\VMware\VMware Workstation\isoimages_manifest.txt.sig failed: Could not find the file
2025-11-05T20:49:35.406Z In(05) vmx ToolsISO: Unable to read signature file 'C:\Program Files (x86)\VMware\VMware Workstation\isoimages_manifest.txt.sig', ignoring.
2025-11-05T20:49:35.407Z In(05) vmx ToolsISO: Updated cached value for imageName to 'windows.iso'.
2025-11-05T20:49:35.407Z In(05) vmx ToolsISO: Selected Tools ISO 'windows.iso' for 'windows2019srv-64' guest.
2025-11-05T20:49:35.407Z No(00) vmx ConfigDB: Setting sata0:1.fileName = "C:\Program Files (x86)\VMware\VMware Workstation\windows.iso"
2025-11-05T20:49:35.407Z No(00) vmx ConfigDB: Setting sata0:1.startConnected = "FALSE"
2025-11-05T20:49:35.407Z No(00) vmx ConfigDB: Setting sata0:1.deviceType = "cdrom-image"
2025-11-05T20:49:35.434Z No(00) vmx ConfigDB: Setting toolsInstallManager.lastInstallError = "0"
2025-11-05T20:49:35.620Z In(05) vcpu-1 CDROM: switching CDROM state from 2 to 3 using GetEventNotification.
2025-11-05T20:49:36.624Z In(05) vcpu-0 CDROM: Emulate GET CONFIGURATION RT 1 starting feature 0
2025-11-05T20:49:36.625Z In(05) vcpu-0 CDROM: switching CDROM state from 3 to 4 using GetEventNotification.
2025-11-05T20:49:38.441Z In(05) vmx TOOLS INSTALL entering INSERTED state.
2025-11-05T20:49:38.441Z In(05) vmx ToolsISO: Refreshing imageName for 'windows2019srv-64' (refreshCount=1, lastCount=1).
2025-11-05T20:49:38.441Z In(05) vmx ToolsISO: open of C:\Program Files (x86)\VMware\VMware Workstation\isoimages_manifest.txt.sig failed: Could not find the file
2025-11-05T20:49:38.441Z In(05) vmx ToolsISO: Unable to read signature file 'C:\Program Files (x86)\VMware\VMware Workstation\isoimages_manifest.txt.sig', ignoring.
2025-11-05T20:49:38.441Z In(05) vmx ToolsISO: Updated cached value for imageName to 'windows.iso'.
2025-11-05T20:49:38.442Z In(05) vmx ToolsISO: Selected Tools ISO 'windows.iso' for 'windows2019srv-64' guest.
2025-11-05T20:49:38.442Z In(05) vmx CDROM: Connecting sata0:1 to 'C:\Program Files (x86)\VMware\VMware Workstation\windows.iso'. type=2 remote=0
2025-11-05T20:49:38.442Z In(05) vmx ToolsISO: open of C:\Program Files (x86)\VMware\VMware Workstation\windows.iso.sha failed: Could not find the file
2025-11-05T20:49:38.442Z In(05) vmx ToolsISO: Unable to read hash file C:\Program Files (x86)\VMware\VMware Workstation\windows.iso.sha, ignoring.
2025-11-05T20:49:38.442Z In(05) vmx CDROM: Checking initial physical media state...
2025-11-05T20:49:38.442Z In(05) vmx CDROM:  initial physical CDROM state is 1 (sense)
2025-11-05T20:49:38.626Z In(05) vcpu-1 CDROM: switching CDROM state from 4 to 5 using GetEventNotification.
2025-11-05T20:49:39.630Z In(05) vcpu-1 CDROM: Emulate GET CONFIGURATION RT 1 starting feature 0
2025-11-05T20:49:39.630Z In(05) vcpu-1 CDROM: switching CDROM state from 5 to 1 using GetEventNotification.
2025-11-05T20:49:39.633Z In(05) vcpu-1 CDROM: Emulate GET CONFIGURATION RT 2 starting feature 0
2025-11-05T20:49:39.633Z In(05) vcpu-1 CDROM: Emulate GET CONFIGURATION RT 2 starting feature 30
2025-11-05T20:49:39.633Z In(05) vcpu-0 CDROM: Emulate GET CONFIGURATION RT 2 starting feature 31
2025-11-05T20:49:39.633Z In(05) vcpu-0 CDROM: Emulate GET CONFIGURATION RT 2 starting feature 32
2025-11-05T20:49:39.633Z In(05) vcpu-0 CDROM: Emulate GET CONFIGURATION RT 2 starting feature 33
2025-11-05T20:49:39.634Z In(05) vcpu-1 CDROM: Emulate GET CONFIGURATION RT 2 starting feature 35
2025-11-05T20:49:39.634Z In(05) vcpu-0 CDROM: Emulate GET CONFIGURATION RT 2 starting feature 36
2025-11-05T20:49:39.634Z In(05) vcpu-1 CDROM: Emulate GET CONFIGURATION RT 2 starting feature 38
2025-11-05T20:49:39.634Z In(05) vcpu-1 CDROM: Emulate GET CONFIGURATION RT 2 starting feature 42
2025-11-05T20:49:39.634Z In(05) vcpu-1 CDROM: Emulate GET CONFIGURATION RT 2 starting feature 43
2025-11-05T20:49:39.634Z In(05) vcpu-0 CDROM: Emulate GET CONFIGURATION RT 2 starting feature 45
2025-11-05T20:49:39.634Z In(05) vcpu-0 CDROM: Emulate GET CONFIGURATION RT 2 starting feature 46
2025-11-05T20:49:39.635Z In(05) vcpu-0 CDROM: Emulate GET CONFIGURATION RT 2 starting feature 47
2025-11-05T20:49:39.635Z In(05) vcpu-0 CDROM: Emulate GET CONFIGURATION RT 2 starting feature 64
2025-11-05T20:49:39.635Z In(05) vcpu-0 CDROM: Emulate GET CONFIGURATION RT 2 starting feature 65
2025-11-05T20:49:39.635Z In(05) vcpu-1 CDROM: Emulate GET CONFIGURATION RT 2 starting feature 259
2025-11-05T20:49:39.664Z In(05) vcpu-0 CDROM: Emulate GET CONFIGURATION RT 2 starting feature 0
2025-11-05T20:49:39.664Z In(05) vcpu-0 CDROM: Emulate GET CONFIGURATION RT 2 starting feature 30
2025-11-05T20:49:39.664Z In(05) vcpu-0 CDROM: Emulate GET CONFIGURATION RT 2 starting feature 31
2025-11-05T20:49:39.664Z In(05) vcpu-1 CDROM: Emulate GET CONFIGURATION RT 2 starting feature 32
2025-11-05T20:49:39.664Z In(05) vcpu-1 CDROM: Emulate GET CONFIGURATION RT 2 starting feature 33
2025-11-05T20:49:39.664Z In(05) vcpu-1 CDROM: Emulate GET CONFIGURATION RT 2 starting feature 35
2025-11-05T20:49:39.664Z In(05) vcpu-1 CDROM: Emulate GET CONFIGURATION RT 2 starting feature 36
2025-11-05T20:49:39.664Z In(05) vcpu-1 CDROM: Emulate GET CONFIGURATION RT 2 starting feature 38
2025-11-05T20:49:39.664Z In(05) vcpu-1 CDROM: Emulate GET CONFIGURATION RT 2 starting feature 42
2025-11-05T20:49:39.664Z In(05) vcpu-1 CDROM: Emulate GET CONFIGURATION RT 2 starting feature 43
2025-11-05T20:49:39.664Z In(05) vcpu-1 CDROM: Emulate GET CONFIGURATION RT 2 starting feature 45
2025-11-05T20:49:39.664Z In(05) vcpu-1 CDROM: Emulate GET CONFIGURATION RT 2 starting feature 46
2025-11-05T20:49:39.665Z In(05) vcpu-1 CDROM: Emulate GET CONFIGURATION RT 2 starting feature 47
2025-11-05T20:49:39.665Z In(05) vcpu-1 CDROM: Emulate GET CONFIGURATION RT 2 starting feature 64
2025-11-05T20:49:39.665Z In(05) vcpu-1 CDROM: Emulate GET CONFIGURATION RT 2 starting feature 65
2025-11-05T20:49:39.665Z In(05) vcpu-1 CDROM: Emulate GET CONFIGURATION RT 2 starting feature 259
2025-11-05T20:49:39.674Z In(05) vcpu-0 CDROM: Emulate GET CONFIGURATION RT 2 starting feature 0
2025-11-05T20:49:39.674Z In(05) vcpu-0 CDROM: Emulate GET CONFIGURATION RT 2 starting feature 0
2025-11-05T20:49:39.674Z In(05) vcpu-0 CDROM: Emulate GET CONFIGURATION RT 2 starting feature 45
2025-11-05T20:49:39.674Z In(05) vcpu-0 CDROM: Emulate GET CONFIGURATION RT 2 starting feature 45
2025-11-05T20:49:39.675Z In(05) vcpu-0 CDROM: Emulate GET CONFIGURATION RT 2 starting feature 47
2025-11-05T20:49:39.675Z In(05) vcpu-0 CDROM: Emulate GET CONFIGURATION RT 2 starting feature 47
2025-11-05T20:49:39.675Z In(05) vcpu-0 CDROM: Emulate GET CONFIGURATION RT 2 starting feature 43
2025-11-05T20:49:39.675Z In(05) vcpu-0 CDROM: Emulate GET CONFIGURATION RT 2 starting feature 43
2025-11-05T20:49:39.675Z In(05) vcpu-1 CDROM: Emulate GET CONFIGURATION RT 2 starting feature 42
2025-11-05T20:49:39.675Z In(05) vcpu-1 CDROM: Emulate GET CONFIGURATION RT 2 starting feature 42
2025-11-05T20:49:39.675Z In(05) vcpu-1 CDROM: Emulate GET CONFIGURATION RT 2 starting feature 59
2025-11-05T20:49:39.675Z In(05) vcpu-1 CDROM: Emulate GET CONFIGURATION RT 2 starting feature 59
2025-11-05T20:49:39.675Z In(05) vcpu-1 CDROM: Emulate GET CONFIGURATION RT 2 starting feature 65
2025-11-05T20:49:39.675Z In(05) vcpu-1 CDROM: Emulate GET CONFIGURATION RT 2 starting feature 65
2025-11-05T20:49:39.675Z In(05) vcpu-1 CDROM: Emulate GET CONFIGURATION RT 2 starting feature 0
2025-11-05T20:49:39.675Z In(05) vcpu-1 CDROM: Emulate GET CONFIGURATION RT 2 starting feature 0
2025-11-05T20:49:39.676Z In(05) vcpu-1 CDROM: Emulate GET CONFIGURATION RT 2 starting feature 31
2025-11-05T20:49:39.676Z In(05) vcpu-1 CDROM: Emulate GET CONFIGURATION RT 2 starting feature 31
2025-11-05T20:49:39.676Z In(05) vcpu-1 CDROM: Emulate GET CONFIGURATION RT 2 starting feature 64
2025-11-05T20:49:39.676Z In(05) vcpu-1 CDROM: Emulate GET CONFIGURATION RT 2 starting feature 64
2025-11-05T20:49:39.676Z In(05) vcpu-1 CDROM: Emulate GET CONFIGURATION RT 2 starting feature 31
2025-11-05T20:49:39.676Z In(05) vcpu-1 CDROM: Emulate GET CONFIGURATION RT 2 starting feature 31
2025-11-05T20:49:39.676Z In(05) vcpu-1 CDROM: Emulate GET CONFIGURATION RT 2 starting feature 64
2025-11-05T20:49:39.677Z In(05) vcpu-1 CDROM: Emulate GET CONFIGURATION RT 2 starting feature 64
2025-11-05T20:49:39.677Z In(05) vcpu-1 CDROM: Emulate GET CONFIGURATION RT 2 starting feature 31
2025-11-05T20:49:39.677Z In(05) vcpu-1 CDROM: Emulate GET CONFIGURATION RT 2 starting feature 31
2025-11-05T20:49:39.677Z In(05) vcpu-1 CDROM: Emulate GET CONFIGURATION RT 2 starting feature 64
2025-11-05T20:49:39.677Z In(05) vcpu-1 CDROM: Emulate GET CONFIGURATION RT 2 starting feature 64
2025-11-05T20:49:39.677Z In(05) vcpu-0 CDROM sata0:1: CMD 0xad (*UNKNOWN (0xad)*) FAILED (key 0x5 asc 0x24 ascq 0)
2025-11-05T20:49:39.678Z In(05) vcpu-0 CDROM: Emulate GET CONFIGURATION RT 2 starting feature 31
2025-11-05T20:49:39.678Z In(05) vcpu-0 CDROM: Emulate GET CONFIGURATION RT 2 starting feature 31
2025-11-05T20:49:39.678Z In(05) vcpu-0 CDROM: Emulate GET CONFIGURATION RT 2 starting feature 64
2025-11-05T20:49:39.678Z In(05) vcpu-0 CDROM: Emulate GET CONFIGURATION RT 2 starting feature 64
2025-11-05T20:49:39.679Z In(05) vcpu-0 CDROM: Emulate GET CONFIGURATION RT 2 starting feature 31
2025-11-05T20:49:39.679Z In(05) vcpu-0 CDROM: Emulate GET CONFIGURATION RT 2 starting feature 31
2025-11-05T20:49:39.679Z In(05) vcpu-0 CDROM: Emulate GET CONFIGURATION RT 2 starting feature 64
2025-11-05T20:49:39.679Z In(05) vcpu-0 CDROM: Emulate GET CONFIGURATION RT 2 starting feature 64
2025-11-05T20:49:39.679Z In(05) vcpu-0 CDROM: Emulate GET CONFIGURATION RT 2 starting feature 31
2025-11-05T20:49:39.679Z In(05) vcpu-0 CDROM: Emulate GET CONFIGURATION RT 2 starting feature 31
2025-11-05T20:49:39.679Z In(05) vcpu-0 CDROM: Emulate GET CONFIGURATION RT 2 starting feature 64
2025-11-05T20:49:39.679Z In(05) vcpu-0 CDROM: Emulate GET CONFIGURATION RT 2 starting feature 64
2025-11-05T20:49:39.679Z In(05) vcpu-1 CDROM sata0:1: CMD 0xad (*UNKNOWN (0xad)*) FAILED (key 0x5 asc 0x24 ascq 0)
2025-11-05T20:49:39.680Z In(05) vcpu-1 CDROM: Emulate GET CONFIGURATION RT 2 starting feature 31
2025-11-05T20:49:39.680Z In(05) vcpu-1 CDROM: Emulate GET CONFIGURATION RT 2 starting feature 31
2025-11-05T20:49:39.680Z In(05) vcpu-1 CDROM: Emulate GET CONFIGURATION RT 2 starting feature 64
2025-11-05T20:49:39.680Z In(05) vcpu-1 CDROM: Emulate GET CONFIGURATION RT 2 starting feature 64
2025-11-05T20:49:39.680Z In(05) vcpu-1 CDROM: Emulate GET CONFIGURATION RT 2 starting feature 31
2025-11-05T20:49:39.680Z In(05) vcpu-1 CDROM: Emulate GET CONFIGURATION RT 2 starting feature 31
2025-11-05T20:49:39.680Z In(05) vcpu-0 CDROM: Emulate GET CONFIGURATION RT 2 starting feature 64
2025-11-05T20:49:39.680Z In(05) vcpu-0 CDROM: Emulate GET CONFIGURATION RT 2 starting feature 64
2025-11-05T20:49:39.680Z In(05) vcpu-0 CDROM: Emulate GET CONFIGURATION RT 2 starting feature 31
2025-11-05T20:49:39.680Z In(05) vcpu-0 CDROM: Emulate GET CONFIGURATION RT 2 starting feature 31
2025-11-05T20:49:39.680Z In(05) vcpu-0 CDROM: Emulate GET CONFIGURATION RT 2 starting feature 64
2025-11-05T20:49:39.680Z In(05) vcpu-0 CDROM: Emulate GET CONFIGURATION RT 2 starting feature 64
2025-11-05T20:49:39.680Z In(05) vcpu-0 CDROM sata0:1: CMD 0xad (*UNKNOWN (0xad)*) FAILED (key 0x5 asc 0x24 ascq 0)
2025-11-05T20:49:39.681Z In(05) vcpu-0 CDROM: Emulate GET CONFIGURATION RT 2 starting feature 31
2025-11-05T20:49:39.681Z In(05) vcpu-0 CDROM: Emulate GET CONFIGURATION RT 2 starting feature 31
2025-11-05T20:49:39.681Z In(05) vcpu-0 CDROM: Emulate GET CONFIGURATION RT 2 starting feature 64
2025-11-05T20:49:39.681Z In(05) vcpu-0 CDROM: Emulate GET CONFIGURATION RT 2 starting feature 64
2025-11-05T20:49:39.681Z In(05) vcpu-0 CDROM: Emulate GET CONFIGURATION RT 2 starting feature 31
2025-11-05T20:49:39.681Z In(05) vcpu-0 CDROM: Emulate GET CONFIGURATION RT 2 starting feature 31
2025-11-05T20:49:39.681Z In(05) vcpu-0 CDROM: Emulate GET CONFIGURATION RT 2 starting feature 64
2025-11-05T20:49:39.681Z In(05) vcpu-0 CDROM: Emulate GET CONFIGURATION RT 2 starting feature 64
2025-11-05T20:49:39.682Z In(05) vcpu-0 CDROM: Emulate GET CONFIGURATION RT 2 starting feature 31
2025-11-05T20:49:39.682Z In(05) vcpu-0 CDROM: Emulate GET CONFIGURATION RT 2 starting feature 31
2025-11-05T20:49:39.682Z In(05) vcpu-0 CDROM: Emulate GET CONFIGURATION RT 2 starting feature 64
2025-11-05T20:49:39.682Z In(05) vcpu-0 CDROM: Emulate GET CONFIGURATION RT 2 starting feature 64
2025-11-05T20:49:39.682Z In(05) vcpu-0 CDROM: Emulate GET CONFIGURATION RT 2 starting feature 0
2025-11-05T20:49:39.682Z In(05) vcpu-0 CDROM: Emulate GET CONFIGURATION RT 2 starting feature 0
2025-11-05T20:49:39.682Z In(05) vcpu-0 CDROM: Emulate GET CONFIGURATION RT 2 starting feature 45
2025-11-05T20:49:39.682Z In(05) vcpu-0 CDROM: Emulate GET CONFIGURATION RT 2 starting feature 45
2025-11-05T20:49:39.682Z In(05) vcpu-0 CDROM: Emulate GET CONFIGURATION RT 2 starting feature 47
2025-11-05T20:49:39.682Z In(05) vcpu-0 CDROM: Emulate GET CONFIGURATION RT 2 starting feature 47
2025-11-05T20:49:39.683Z In(05) vcpu-0 CDROM: Emulate GET CONFIGURATION RT 2 starting feature 43
2025-11-05T20:49:39.683Z In(05) vcpu-0 CDROM: Emulate GET CONFIGURATION RT 2 starting feature 43
2025-11-05T20:49:39.683Z In(05) vcpu-0 CDROM: Emulate GET CONFIGURATION RT 2 starting feature 42
2025-11-05T20:49:39.683Z In(05) vcpu-0 CDROM: Emulate GET CONFIGURATION RT 2 starting feature 42
2025-11-05T20:49:39.683Z In(05) vcpu-0 CDROM: Emulate GET CONFIGURATION RT 2 starting feature 59
2025-11-05T20:49:39.683Z In(05) vcpu-0 CDROM: Emulate GET CONFIGURATION RT 2 starting feature 59
2025-11-05T20:49:39.683Z In(05) vcpu-0 CDROM: Emulate GET CONFIGURATION RT 2 starting feature 65
2025-11-05T20:49:39.683Z In(05) vcpu-0 CDROM: Emulate GET CONFIGURATION RT 2 starting feature 65
2025-11-05T20:49:39.683Z In(05) vcpu-0 CDROM: Emulate GET CONFIGURATION RT 2 starting feature 0
2025-11-05T20:49:39.683Z In(05) vcpu-0 CDROM: Emulate GET CONFIGURATION RT 2 starting feature 0
2025-11-05T20:49:39.684Z In(05) vcpu-0 CDROM: Emulate GET CONFIGURATION RT 2 starting feature 33
2025-11-05T20:49:39.684Z In(05) vcpu-0 CDROM: Emulate GET CONFIGURATION RT 2 starting feature 33
2025-11-05T20:49:39.684Z In(05) vcpu-0 CDROM: Emulate GET CONFIGURATION RT 2 starting feature 32
2025-11-05T20:49:39.684Z In(05) vcpu-0 CDROM: Emulate GET CONFIGURATION RT 2 starting feature 32
2025-11-05T20:49:39.684Z In(05) vcpu-0 CDROM: Emulate GET CONFIGURATION RT 2 starting feature 38
2025-11-05T20:49:39.684Z In(05) vcpu-0 CDROM: Emulate GET CONFIGURATION RT 2 starting feature 38
2025-11-05T20:49:39.685Z In(05) vcpu-0 CDROM: Emulate GET CONFIGURATION RT 2 starting feature 45
2025-11-05T20:49:39.685Z In(05) vcpu-0 CDROM: Emulate GET CONFIGURATION RT 2 starting feature 45
2025-11-05T20:49:39.685Z In(05) vcpu-0 CDROM: Emulate GET CONFIGURATION RT 2 starting feature 44
2025-11-05T20:49:39.685Z In(05) vcpu-0 CDROM: Emulate GET CONFIGURATION RT 2 starting feature 44
2025-11-05T20:49:39.685Z In(05) vcpu-0 CDROM: Emulate GET CONFIGURATION RT 2 starting feature 47
2025-11-05T20:49:39.685Z In(05) vcpu-0 CDROM: Emulate GET CONFIGURATION RT 2 starting feature 47
2025-11-05T20:49:39.685Z In(05) vcpu-0 CDROM: Emulate GET CONFIGURATION RT 2 starting feature 65
2025-11-05T20:49:39.685Z In(05) vcpu-0 CDROM: Emulate GET CONFIGURATION RT 2 starting feature 65
2025-11-05T20:49:39.685Z In(05) vcpu-0 CDROM: Emulate GET CONFIGURATION RT 2 starting feature 42
2025-11-05T20:49:39.685Z In(05) vcpu-0 CDROM: Emulate GET CONFIGURATION RT 2 starting feature 42
2025-11-05T20:49:39.685Z In(05) vcpu-0 CDROM: Emulate GET CONFIGURATION RT 2 starting feature 33
2025-11-05T20:49:39.685Z In(05) vcpu-0 CDROM: Emulate GET CONFIGURATION RT 2 starting feature 33
2025-11-05T20:49:39.686Z In(05) vcpu-0 CDROM: Emulate GET CONFIGURATION RT 2 starting feature 32
2025-11-05T20:49:39.686Z In(05) vcpu-0 CDROM: Emulate GET CONFIGURATION RT 2 starting feature 32
2025-11-05T20:49:39.686Z In(05) vcpu-0 CDROM: Emulate GET CONFIGURATION RT 2 starting feature 38
2025-11-05T20:49:39.686Z In(05) vcpu-0 CDROM: Emulate GET CONFIGURATION RT 2 starting feature 38
2025-11-05T20:49:39.686Z In(05) vcpu-0 CDROM: Emulate GET CONFIGURATION RT 2 starting feature 45
2025-11-05T20:49:39.686Z In(05) vcpu-0 CDROM: Emulate GET CONFIGURATION RT 2 starting feature 45
2025-11-05T20:49:39.686Z In(05) vcpu-0 CDROM: Emulate GET CONFIGURATION RT 2 starting feature 44
2025-11-05T20:49:39.686Z In(05) vcpu-0 CDROM: Emulate GET CONFIGURATION RT 2 starting feature 44
2025-11-05T20:49:39.686Z In(05) vcpu-0 CDROM: Emulate GET CONFIGURATION RT 2 starting feature 47
2025-11-05T20:49:39.686Z In(05) vcpu-0 CDROM: Emulate GET CONFIGURATION RT 2 starting feature 47
2025-11-05T20:49:39.687Z In(05) vcpu-0 CDROM: Emulate GET CONFIGURATION RT 2 starting feature 65
2025-11-05T20:49:39.687Z In(05) vcpu-0 CDROM: Emulate GET CONFIGURATION RT 2 starting feature 65
2025-11-05T20:49:39.687Z In(05) vcpu-0 CDROM: Emulate GET CONFIGURATION RT 2 starting feature 42
2025-11-05T20:49:39.687Z In(05) vcpu-0 CDROM: Emulate GET CONFIGURATION RT 2 starting feature 42
2025-11-05T20:49:50.242Z In(05) vcpu-1 Guest: Command line: 
2025-11-05T20:49:50.243Z In(05) vcpu-1 Guest: Installing VMware Tools 12.5.3.52671 (build-24819442)
2025-11-05T20:49:50.249Z In(05) vcpu-0 TOOLS INSTALL entering installer is active.
2025-11-05T20:49:50.548Z In(05) vcpu-0 Tools: Running status rpc handler: 0 => 1.
2025-11-05T20:49:50.548Z In(05) vcpu-0 Tools: Changing running status: 0 => 1.
2025-11-05T20:49:50.548Z In(05) vcpu-0 Tools: [RunningStatus] Last heartbeat value 8 (last received 0s ago)
2025-11-05T20:50:10.561Z In(05) vcpu-0 Tools: Tools heartbeat timeout.
2025-11-05T20:50:10.561Z In(05) vcpu-0 Tools: Running status rpc handler: 1 => 0.
2025-11-05T20:50:10.561Z In(05) vcpu-0 Tools: Changing running status: 1 => 0.
2025-11-05T20:50:10.561Z In(05) vcpu-0 Tools: [RunningStatus] Last heartbeat value 8 (last received 20s ago)
2025-11-05T20:50:10.561Z In(05) vcpu-0 TOOLS hostVerifiedSamlToken capability set to FALSE.
2025-11-05T20:50:27.634Z In(05) vcpu-1 Guest: Command line: 
2025-11-05T20:50:27.634Z In(05) vcpu-1 Guest: Installing VMware Tools 12.5.3.52671 (build-24819442)
2025-11-05T20:50:27.638Z In(05) vcpu-1 TOOLS INSTALL entering installer is active.
2025-11-05T20:50:28.550Z In(05) vcpu-0 Tools: Running status rpc handler: 0 => 1.
2025-11-05T20:50:28.550Z In(05) vcpu-0 Tools: Changing running status: 0 => 1.
2025-11-05T20:50:28.550Z In(05) vcpu-0 Tools: [RunningStatus] Last heartbeat value 9 (last received 0s ago)
2025-11-05T20:50:31.685Z In(05) vcpu-1 TOOLS INSTALL entering installer is active.
2025-11-05T20:50:31.685Z In(05) vcpu-1 VMXVmdbGuest_SetToolsInstallResults received "5"
2025-11-05T20:50:31.686Z In(05) vcpu-1 CDROM: Disconnected cdrom: sata0:1
2025-11-05T20:50:31.686Z In(05) vcpu-1 TOOLS INSTALL entering ENDING state.
2025-11-05T20:50:31.686Z No(00) vcpu-1 ConfigDB: Setting toolsInstallManager.lastInstallError = "21004"
2025-11-05T20:50:31.701Z No(00) vcpu-1 ConfigDB: Setting sata0:1.fileName = "D:\systems\17763.3650.221105-1748.rs5_release_svc_refresh_SERVER_EVAL_x64FRE_en-us.iso"
2025-11-05T20:50:31.701Z No(00) vcpu-1 ConfigDB: Setting sata0:1.deviceType = "cdrom-image"
2025-11-05T20:50:31.701Z No(00) vcpu-1 ConfigDB: Unsetting "toolsInstall.origFileName"
2025-11-05T20:50:31.701Z No(00) vcpu-1 ConfigDB: Unsetting "toolsInstall.origType"
2025-11-05T20:50:31.701Z No(00) vcpu-1 ConfigDB: Unsetting "toolsInstall.origClientDevice"
2025-11-05T20:50:31.701Z No(00) vcpu-1 ConfigDB: Setting sata0:1.startConnected = "TRUE"
2025-11-05T20:50:31.726Z In(05) vcpu-1 TOOLS INSTALL return code from installer is 0.
2025-11-05T20:50:31.726Z In(05) vcpu-1 TOOLS INSTALL guestinfo.toolsInstallErrCode=1618.
2025-11-05T20:50:31.726Z In(05) vcpu-1 VMXVmdbGuest_SetToolsInstallResults received "12"
2025-11-05T20:50:31.787Z In(05) vcpu-1 CDROM: switching CDROM state from 2 to 3 using GetEventNotification.
2025-11-05T20:50:32.677Z In(05) vcpu-1 CDROM: Emulate GET CONFIGURATION RT 1 starting feature 0
2025-11-05T20:50:32.787Z In(05) vcpu-1 CDROM: switching CDROM state from 3 to 4 using GetEventNotification.
2025-11-05T20:50:34.728Z In(05) vmx CDROM: Connecting sata0:1 to 'D:\systems\17763.3650.221105-1748.rs5_release_svc_refresh_SERVER_EVAL_x64FRE_en-us.iso'. type=2 remote=0
2025-11-05T20:50:34.728Z In(05) vmx DMG_Open: Not an unencrypted .dmg file (footer signature 0x00000000).
2025-11-05T20:50:34.728Z In(05) vmx DMG_Close: max cached entries 8
2025-11-05T20:50:34.728Z In(05) vmx CDROM: Checking initial physical media state...
2025-11-05T20:50:34.728Z In(05) vmx CDROM:  initial physical CDROM state is 1 (sense)
2025-11-05T20:50:34.729Z In(05) vmx TOOLS INSTALL entering IDLE state.
2025-11-05T20:50:34.729Z No(00) vmx ConfigDB: Setting toolsInstallManager.updateCounter = "1"
2025-11-05T20:50:34.748Z No(00) vmx ConfigDB: Setting extendedConfigFile = "WindowsServer2019-1.vmxf"
2025-11-05T20:50:34.755Z No(00) vmx ConfigDB: Setting toolsInstallManager.lastInstallError = "21009"
2025-11-05T20:50:34.790Z In(05) vcpu-1 CDROM: switching CDROM state from 4 to 5 using GetEventNotification.
2025-11-05T20:50:35.448Z In(05) vmx GuestRpcSendTimedOut: message to toolbox-dnd timed out.
2025-11-05T20:50:35.796Z In(05) vcpu-1 CDROM: Emulate GET CONFIGURATION RT 1 starting feature 0
2025-11-05T20:50:35.797Z In(05) vcpu-1 CDROM: switching CDROM state from 5 to 1 using GetEventNotification.
2025-11-05T20:50:35.800Z In(05) vcpu-1 CDROM: Emulate GET CONFIGURATION RT 2 starting feature 0
2025-11-05T20:50:35.800Z In(05) vcpu-0 CDROM: Emulate GET CONFIGURATION RT 2 starting feature 30
2025-11-05T20:50:35.800Z In(05) vcpu-1 CDROM: Emulate GET CONFIGURATION RT 2 starting feature 31
2025-11-05T20:50:35.800Z In(05) vcpu-0 CDROM: Emulate GET CONFIGURATION RT 2 starting feature 32
2025-11-05T20:50:35.800Z In(05) vcpu-1 CDROM: Emulate GET CONFIGURATION RT 2 starting feature 33
2025-11-05T20:50:35.800Z In(05) vcpu-0 CDROM: Emulate GET CONFIGURATION RT 2 starting feature 35
2025-11-05T20:50:35.800Z In(05) vcpu-0 CDROM: Emulate GET CONFIGURATION RT 2 starting feature 36
2025-11-05T20:50:35.801Z In(05) vcpu-0 CDROM: Emulate GET CONFIGURATION RT 2 starting feature 38
2025-11-05T20:50:35.801Z In(05) vcpu-1 CDROM: Emulate GET CONFIGURATION RT 2 starting feature 42
2025-11-05T20:50:35.801Z In(05) vcpu-1 CDROM: Emulate GET CONFIGURATION RT 2 starting feature 43
2025-11-05T20:50:35.801Z In(05) vcpu-1 CDROM: Emulate GET CONFIGURATION RT 2 starting feature 45
2025-11-05T20:50:35.801Z In(05) vcpu-1 CDROM: Emulate GET CONFIGURATION RT 2 starting feature 46
2025-11-05T20:50:35.801Z In(05) vcpu-1 CDROM: Emulate GET CONFIGURATION RT 2 starting feature 47
2025-11-05T20:50:35.801Z In(05) vcpu-1 CDROM: Emulate GET CONFIGURATION RT 2 starting feature 64
2025-11-05T20:50:35.802Z In(05) vcpu-0 CDROM: Emulate GET CONFIGURATION RT 2 starting feature 65
2025-11-05T20:50:35.802Z In(05) vcpu-1 CDROM: Emulate GET CONFIGURATION RT 2 starting feature 259
2025-11-05T20:50:35.803Z In(05) vcpu-0 CDROM: Emulate GET CONFIGURATION RT 2 starting feature 0
2025-11-05T20:50:35.803Z In(05) vcpu-1 CDROM: Emulate GET CONFIGURATION RT 2 starting feature 0
2025-11-05T20:50:35.803Z In(05) vcpu-1 CDROM: Emulate GET CONFIGURATION RT 2 starting feature 263
2025-11-05T20:50:35.804Z In(05) vcpu-0 CDROM: Emulate GET CONFIGURATION RT 2 starting feature 263
2025-11-05T20:50:35.818Z In(05) vcpu-0 CDROM: Emulate GET CONFIGURATION RT 2 starting feature 0
2025-11-05T20:50:35.818Z In(05) vcpu-0 CDROM: Emulate GET CONFIGURATION RT 2 starting feature 30
2025-11-05T20:50:35.818Z In(05) vcpu-0 CDROM: Emulate GET CONFIGURATION RT 2 starting feature 31
2025-11-05T20:50:35.820Z In(05) vcpu-0 CDROM: Emulate GET CONFIGURATION RT 2 starting feature 32
2025-11-05T20:50:35.820Z In(05) vcpu-0 CDROM: Emulate GET CONFIGURATION RT 2 starting feature 33
2025-11-05T20:50:35.820Z In(05) vcpu-0 CDROM: Emulate GET CONFIGURATION RT 2 starting feature 35
2025-11-05T20:50:35.820Z In(05) vcpu-0 CDROM: Emulate GET CONFIGURATION RT 2 starting feature 36
2025-11-05T20:50:35.820Z In(05) vcpu-0 CDROM: Emulate GET CONFIGURATION RT 2 starting feature 38
2025-11-05T20:50:35.820Z In(05) vcpu-0 CDROM: Emulate GET CONFIGURATION RT 2 starting feature 42
2025-11-05T20:50:35.820Z In(05) vcpu-0 CDROM: Emulate GET CONFIGURATION RT 2 starting feature 43
2025-11-05T20:50:35.820Z In(05) vcpu-0 CDROM: Emulate GET CONFIGURATION RT 2 starting feature 45
2025-11-05T20:50:35.820Z In(05) vcpu-0 CDROM: Emulate GET CONFIGURATION RT 2 starting feature 46
2025-11-05T20:50:35.820Z In(05) vcpu-0 CDROM: Emulate GET CONFIGURATION RT 2 starting feature 47
2025-11-05T20:50:35.820Z In(05) vcpu-0 CDROM: Emulate GET CONFIGURATION RT 2 starting feature 64
2025-11-05T20:50:35.820Z In(05) vcpu-0 CDROM: Emulate GET CONFIGURATION RT 2 starting feature 65
2025-11-05T20:50:35.820Z In(05) vcpu-0 CDROM: Emulate GET CONFIGURATION RT 2 starting feature 259
2025-11-05T20:50:35.827Z In(05) vcpu-0 CDROM: Emulate GET CONFIGURATION RT 2 starting feature 0
2025-11-05T20:50:35.827Z In(05) vcpu-0 CDROM: Emulate GET CONFIGURATION RT 2 starting feature 0
2025-11-05T20:50:35.828Z In(05) vcpu-0 CDROM: Emulate GET CONFIGURATION RT 2 starting feature 45
2025-11-05T20:50:35.828Z In(05) vcpu-0 CDROM: Emulate GET CONFIGURATION RT 2 starting feature 45
2025-11-05T20:50:35.828Z In(05) vcpu-0 CDROM: Emulate GET CONFIGURATION RT 2 starting feature 47
2025-11-05T20:50:35.828Z In(05) vcpu-0 CDROM: Emulate GET CONFIGURATION RT 2 starting feature 47
2025-11-05T20:50:35.828Z In(05) vcpu-0 CDROM: Emulate GET CONFIGURATION RT 2 starting feature 43
2025-11-05T20:50:35.828Z In(05) vcpu-0 CDROM: Emulate GET CONFIGURATION RT 2 starting feature 43
2025-11-05T20:50:35.828Z In(05) vcpu-0 CDROM: Emulate GET CONFIGURATION RT 2 starting feature 42
2025-11-05T20:50:35.828Z In(05) vcpu-0 CDROM: Emulate GET CONFIGURATION RT 2 starting feature 42
2025-11-05T20:50:35.828Z In(05) vcpu-0 CDROM: Emulate GET CONFIGURATION RT 2 starting feature 59
2025-11-05T20:50:35.828Z In(05) vcpu-0 CDROM: Emulate GET CONFIGURATION RT 2 starting feature 59
2025-11-05T20:50:35.828Z In(05) vcpu-0 CDROM: Emulate GET CONFIGURATION RT 2 starting feature 65
2025-11-05T20:50:35.828Z In(05) vcpu-0 CDROM: Emulate GET CONFIGURATION RT 2 starting feature 65
2025-11-05T20:50:35.828Z In(05) vcpu-0 CDROM: Emulate GET CONFIGURATION RT 2 starting feature 0
2025-11-05T20:50:35.828Z In(05) vcpu-0 CDROM: Emulate GET CONFIGURATION RT 2 starting feature 0
2025-11-05T20:50:35.829Z In(05) vcpu-0 CDROM: Emulate GET CONFIGURATION RT 2 starting feature 31
2025-11-05T20:50:35.829Z In(05) vcpu-0 CDROM: Emulate GET CONFIGURATION RT 2 starting feature 31
2025-11-05T20:50:35.829Z In(05) vcpu-0 CDROM: Emulate GET CONFIGURATION RT 2 starting feature 64
2025-11-05T20:50:35.830Z In(05) vcpu-0 CDROM: Emulate GET CONFIGURATION RT 2 starting feature 64
2025-11-05T20:50:35.830Z In(05) vcpu-0 CDROM: Emulate GET CONFIGURATION RT 2 starting feature 31
2025-11-05T20:50:35.830Z In(05) vcpu-0 CDROM: Emulate GET CONFIGURATION RT 2 starting feature 31
2025-11-05T20:50:35.830Z In(05) vcpu-0 CDROM: Emulate GET CONFIGURATION RT 2 starting feature 64
2025-11-05T20:50:35.830Z In(05) vcpu-0 CDROM: Emulate GET CONFIGURATION RT 2 starting feature 64
2025-11-05T20:50:35.831Z In(05) vcpu-0 CDROM: Emulate GET CONFIGURATION RT 2 starting feature 31
2025-11-05T20:50:35.831Z In(05) vcpu-0 CDROM: Emulate GET CONFIGURATION RT 2 starting feature 31
2025-11-05T20:50:35.831Z In(05) vcpu-0 CDROM: Emulate GET CONFIGURATION RT 2 starting feature 64
2025-11-05T20:50:35.831Z In(05) vcpu-0 CDROM: Emulate GET CONFIGURATION RT 2 starting feature 64
2025-11-05T20:50:35.831Z In(05) vcpu-1 CDROM sata0:1: CMD 0xad (*UNKNOWN (0xad)*) FAILED (key 0x5 asc 0x24 ascq 0)
2025-11-05T20:50:35.832Z In(05) vcpu-0 CDROM: Emulate GET CONFIGURATION RT 2 starting feature 31
2025-11-05T20:50:35.832Z In(05) vcpu-0 CDROM: Emulate GET CONFIGURATION RT 2 starting feature 31
2025-11-05T20:50:35.832Z In(05) vcpu-0 CDROM: Emulate GET CONFIGURATION RT 2 starting feature 64
2025-11-05T20:50:35.832Z In(05) vcpu-0 CDROM: Emulate GET CONFIGURATION RT 2 starting feature 64
2025-11-05T20:50:35.832Z In(05) vcpu-0 CDROM: Emulate GET CONFIGURATION RT 2 starting feature 31
2025-11-05T20:50:35.832Z In(05) vcpu-0 CDROM: Emulate GET CONFIGURATION RT 2 starting feature 31
2025-11-05T20:50:35.832Z In(05) vcpu-0 CDROM: Emulate GET CONFIGURATION RT 2 starting feature 64
2025-11-05T20:50:35.832Z In(05) vcpu-0 CDROM: Emulate GET CONFIGURATION RT 2 starting feature 64
2025-11-05T20:50:35.833Z In(05) vcpu-0 CDROM: Emulate GET CONFIGURATION RT 2 starting feature 31
2025-11-05T20:50:35.833Z In(05) vcpu-0 CDROM: Emulate GET CONFIGURATION RT 2 starting feature 31
2025-11-05T20:50:35.833Z In(05) vcpu-0 CDROM: Emulate GET CONFIGURATION RT 2 starting feature 64
2025-11-05T20:50:35.833Z In(05) vcpu-0 CDROM: Emulate GET CONFIGURATION RT 2 starting feature 64
2025-11-05T20:50:35.833Z In(05) vcpu-1 CDROM sata0:1: CMD 0xad (*UNKNOWN (0xad)*) FAILED (key 0x5 asc 0x24 ascq 0)
2025-11-05T20:50:35.833Z In(05) vcpu-0 CDROM: Emulate GET CONFIGURATION RT 2 starting feature 31
2025-11-05T20:50:35.833Z In(05) vcpu-0 CDROM: Emulate GET CONFIGURATION RT 2 starting feature 31
2025-11-05T20:50:35.833Z In(05) vcpu-0 CDROM: Emulate GET CONFIGURATION RT 2 starting feature 64
2025-11-05T20:50:35.833Z In(05) vcpu-0 CDROM: Emulate GET CONFIGURATION RT 2 starting feature 64
2025-11-05T20:50:35.834Z In(05) vcpu-0 CDROM: Emulate GET CONFIGURATION RT 2 starting feature 31
2025-11-05T20:50:35.834Z In(05) vcpu-0 CDROM: Emulate GET CONFIGURATION RT 2 starting feature 31
2025-11-05T20:50:35.834Z In(05) vcpu-0 CDROM: Emulate GET CONFIGURATION RT 2 starting feature 64
2025-11-05T20:50:35.834Z In(05) vcpu-0 CDROM: Emulate GET CONFIGURATION RT 2 starting feature 64
2025-11-05T20:50:35.835Z In(05) vcpu-0 CDROM: Emulate GET CONFIGURATION RT 2 starting feature 31
2025-11-05T20:50:35.835Z In(05) vcpu-0 CDROM: Emulate GET CONFIGURATION RT 2 starting feature 31
2025-11-05T20:50:35.835Z In(05) vcpu-0 CDROM: Emulate GET CONFIGURATION RT 2 starting feature 64
2025-11-05T20:50:35.835Z In(05) vcpu-0 CDROM: Emulate GET CONFIGURATION RT 2 starting feature 64
2025-11-05T20:50:35.835Z In(05) vcpu-1 CDROM sata0:1: CMD 0xad (*UNKNOWN (0xad)*) FAILED (key 0x5 asc 0x24 ascq 0)
2025-11-05T20:50:35.835Z In(05) vcpu-0 CDROM: Emulate GET CONFIGURATION RT 2 starting feature 31
2025-11-05T20:50:35.835Z In(05) vcpu-0 CDROM: Emulate GET CONFIGURATION RT 2 starting feature 31
2025-11-05T20:50:35.835Z In(05) vcpu-0 CDROM: Emulate GET CONFIGURATION RT 2 starting feature 64
2025-11-05T20:50:35.835Z In(05) vcpu-1 CDROM: Emulate GET CONFIGURATION RT 2 starting feature 64
2025-11-05T20:50:35.836Z In(05) vcpu-1 CDROM: Emulate GET CONFIGURATION RT 2 starting feature 31
2025-11-05T20:50:35.836Z In(05) vcpu-1 CDROM: Emulate GET CONFIGURATION RT 2 starting feature 31
2025-11-05T20:50:35.836Z In(05) vcpu-1 CDROM: Emulate GET CONFIGURATION RT 2 starting feature 64
2025-11-05T20:50:35.836Z In(05) vcpu-1 CDROM: Emulate GET CONFIGURATION RT 2 starting feature 64
2025-11-05T20:50:35.836Z In(05) vcpu-0 CDROM: Emulate GET CONFIGURATION RT 2 starting feature 31
2025-11-05T20:50:35.836Z In(05) vcpu-0 CDROM: Emulate GET CONFIGURATION RT 2 starting feature 31
2025-11-05T20:50:35.836Z In(05) vcpu-0 CDROM: Emulate GET CONFIGURATION RT 2 starting feature 64
2025-11-05T20:50:35.836Z In(05) vcpu-0 CDROM: Emulate GET CONFIGURATION RT 2 starting feature 64
2025-11-05T20:50:35.836Z In(05) vcpu-0 CDROM: Emulate GET CONFIGURATION RT 2 starting feature 0
2025-11-05T20:50:35.836Z In(05) vcpu-0 CDROM: Emulate GET CONFIGURATION RT 2 starting feature 0
2025-11-05T20:50:35.836Z In(05) vcpu-0 CDROM: Emulate GET CONFIGURATION RT 2 starting feature 45
2025-11-05T20:50:35.836Z In(05) vcpu-0 CDROM: Emulate GET CONFIGURATION RT 2 starting feature 45
2025-11-05T20:50:35.836Z In(05) vcpu-0 CDROM: Emulate GET CONFIGURATION RT 2 starting feature 47
2025-11-05T20:50:35.837Z In(05) vcpu-0 CDROM: Emulate GET CONFIGURATION RT 2 starting feature 47
2025-11-05T20:50:35.837Z In(05) vcpu-0 CDROM: Emulate GET CONFIGURATION RT 2 starting feature 43
2025-11-05T20:50:35.837Z In(05) vcpu-0 CDROM: Emulate GET CONFIGURATION RT 2 starting feature 43
2025-11-05T20:50:35.837Z In(05) vcpu-0 CDROM: Emulate GET CONFIGURATION RT 2 starting feature 42
2025-11-05T20:50:35.837Z In(05) vcpu-0 CDROM: Emulate GET CONFIGURATION RT 2 starting feature 42
2025-11-05T20:50:35.837Z In(05) vcpu-0 CDROM: Emulate GET CONFIGURATION RT 2 starting feature 59
2025-11-05T20:50:35.837Z In(05) vcpu-0 CDROM: Emulate GET CONFIGURATION RT 2 starting feature 59
2025-11-05T20:50:35.837Z In(05) vcpu-0 CDROM: Emulate GET CONFIGURATION RT 2 starting feature 65
2025-11-05T20:50:35.837Z In(05) vcpu-0 CDROM: Emulate GET CONFIGURATION RT 2 starting feature 65
2025-11-05T20:50:35.837Z In(05) vcpu-0 CDROM: Emulate GET CONFIGURATION RT 2 starting feature 0
2025-11-05T20:50:35.837Z In(05) vcpu-0 CDROM: Emulate GET CONFIGURATION RT 2 starting feature 0
2025-11-05T20:50:35.837Z In(05) vcpu-1 CDROM: Emulate GET CONFIGURATION RT 2 starting feature 33
2025-11-05T20:50:35.837Z In(05) vcpu-1 CDROM: Emulate GET CONFIGURATION RT 2 starting feature 33
2025-11-05T20:50:35.838Z In(05) vcpu-1 CDROM: Emulate GET CONFIGURATION RT 2 starting feature 32
2025-11-05T20:50:35.838Z In(05) vcpu-1 CDROM: Emulate GET CONFIGURATION RT 2 starting feature 32
2025-11-05T20:50:35.838Z In(05) vcpu-1 CDROM: Emulate GET CONFIGURATION RT 2 starting feature 38
2025-11-05T20:50:35.838Z In(05) vcpu-1 CDROM: Emulate GET CONFIGURATION RT 2 starting feature 38
2025-11-05T20:50:35.838Z In(05) vcpu-1 CDROM: Emulate GET CONFIGURATION RT 2 starting feature 45
2025-11-05T20:50:35.838Z In(05) vcpu-1 CDROM: Emulate GET CONFIGURATION RT 2 starting feature 45
2025-11-05T20:50:35.839Z In(05) vcpu-1 CDROM: Emulate GET CONFIGURATION RT 2 starting feature 44
2025-11-05T20:50:35.839Z In(05) vcpu-1 CDROM: Emulate GET CONFIGURATION RT 2 starting feature 44
2025-11-05T20:50:35.839Z In(05) vcpu-1 CDROM: Emulate GET CONFIGURATION RT 2 starting feature 47
2025-11-05T20:50:35.839Z In(05) vcpu-1 CDROM: Emulate GET CONFIGURATION RT 2 starting feature 47
2025-11-05T20:50:35.839Z In(05) vcpu-1 CDROM: Emulate GET CONFIGURATION RT 2 starting feature 65
2025-11-05T20:50:35.839Z In(05) vcpu-1 CDROM: Emulate GET CONFIGURATION RT 2 starting feature 65
2025-11-05T20:50:35.839Z In(05) vcpu-1 CDROM: Emulate GET CONFIGURATION RT 2 starting feature 42
2025-11-05T20:50:35.839Z In(05) vcpu-1 CDROM: Emulate GET CONFIGURATION RT 2 starting feature 42
2025-11-05T20:50:35.839Z In(05) vcpu-1 CDROM: Emulate GET CONFIGURATION RT 2 starting feature 33
2025-11-05T20:50:35.839Z In(05) vcpu-1 CDROM: Emulate GET CONFIGURATION RT 2 starting feature 33
2025-11-05T20:50:35.839Z In(05) vcpu-1 CDROM: Emulate GET CONFIGURATION RT 2 starting feature 32
2025-11-05T20:50:35.840Z In(05) vcpu-0 CDROM: Emulate GET CONFIGURATION RT 2 starting feature 32
2025-11-05T20:50:35.840Z In(05) vcpu-0 CDROM: Emulate GET CONFIGURATION RT 2 starting feature 38
2025-11-05T20:50:35.840Z In(05) vcpu-0 CDROM: Emulate GET CONFIGURATION RT 2 starting feature 38
2025-11-05T20:50:35.840Z In(05) vcpu-0 CDROM: Emulate GET CONFIGURATION RT 2 starting feature 45
2025-11-05T20:50:35.840Z In(05) vcpu-1 CDROM: Emulate GET CONFIGURATION RT 2 starting feature 45
2025-11-05T20:50:35.840Z In(05) vcpu-1 CDROM: Emulate GET CONFIGURATION RT 2 starting feature 44
2025-11-05T20:50:35.840Z In(05) vcpu-1 CDROM: Emulate GET CONFIGURATION RT 2 starting feature 44
2025-11-05T20:50:35.840Z In(05) vcpu-1 CDROM: Emulate GET CONFIGURATION RT 2 starting feature 47
2025-11-05T20:50:35.840Z In(05) vcpu-1 CDROM: Emulate GET CONFIGURATION RT 2 starting feature 47
2025-11-05T20:50:35.840Z In(05) vcpu-1 CDROM: Emulate GET CONFIGURATION RT 2 starting feature 65
2025-11-05T20:50:35.840Z In(05) vcpu-1 CDROM: Emulate GET CONFIGURATION RT 2 starting feature 65
2025-11-05T20:50:35.840Z In(05) vcpu-1 CDROM: Emulate GET CONFIGURATION RT 2 starting feature 42
2025-11-05T20:50:35.840Z In(05) vcpu-1 CDROM: Emulate GET CONFIGURATION RT 2 starting feature 42
2025-11-05T20:50:53.554Z In(05) vcpu-0 Tools: Tools heartbeat timeout.
2025-11-05T20:50:53.554Z In(05) vcpu-0 Tools: Running status rpc handler: 1 => 0.
2025-11-05T20:50:53.554Z In(05) vcpu-0 Tools: Changing running status: 1 => 0.
2025-11-05T20:50:53.554Z In(05) vcpu-0 Tools: [RunningStatus] Last heartbeat value 11 (last received 20s ago)
2025-11-05T20:50:53.554Z In(05) vcpu-0 TOOLS hostVerifiedSamlToken capability set to FALSE.
2025-11-05T20:50:56.935Z In(05) mks MKS-VMDB: VMDB requested a screenshot
2025-11-05T20:50:56.935Z In(05) svga MKSScreenShotMgr: Taking a screenshot
2025-11-05T20:51:12.913Z In(05) vcpu-0 Guest: Driver=vsock, Version=9.8.22.1
2025-11-05T20:51:12.926Z In(05) vcpu-1 Guest: Driver=vsock, Version=9.8.22.1 - unloaded
2025-11-05T20:51:12.931Z In(05) vcpu-0 Guest: Driver=vsock, Version=9.8.22.1
2025-11-05T20:51:13.080Z In(05) vmx GuestRpc: Got RPCI vsocket connection 7, assigned to channel 0.
2025-11-05T20:51:13.080Z In(05) vmx Guest: [vgauthservice] VGAuthService build-24696414 starting up
2025-11-05T20:51:13.080Z In(05) vmx GuestRpc: Closing channel 0 connection 7
2025-11-05T20:51:13.100Z In(05) vmx GuestRpc: Got RPCI vsocket connection 8, assigned to channel 0.
2025-11-05T20:51:13.100Z In(05) vmx Guest: [vgauthservice] SAML_Init: Using xmlsec1 1.3.5 for XML signature support
2025-11-05T20:51:13.100Z In(05) vmx GuestRpc: Closing channel 0 connection 8
2025-11-05T20:51:13.561Z In(05) vcpu-0 Tools: Running status rpc handler: 0 => 1.
2025-11-05T20:51:13.561Z In(05) vcpu-0 Tools: Changing running status: 0 => 1.
2025-11-05T20:51:13.561Z In(05) vcpu-0 Tools: [RunningStatus] Last heartbeat value 12 (last received 0s ago)
2025-11-05T20:51:20.495Z Wa(03) vcpu-1 Balloon: Start: vmmemctl reset balloon
2025-11-05T20:51:20.497Z Wa(03) vcpu-1 Balloon: Start: vmmemctl reset balloon
2025-11-05T20:51:20.588Z In(05) vcpu-1 Guest: Driver=vmhgfs, Version=11.0.47.0
2025-11-05T20:51:23.737Z In(05) vcpu-0 Guest: vm3d: WDDM Miniport Loading the release build type
2025-11-05T20:51:23.797Z In(05) vcpu-1 Guest: vm3d: Driver=wddm, Version=9.17.09.0004
2025-11-05T20:51:23.804Z In(05) vcpu-1 SVGA: Unregistering IOSpace at 0x2040
2025-11-05T20:51:23.804Z In(05) vcpu-1 SVGA: Unregistering MemSpace at 0xf0000000(0xf0000000) and 0xfb800000(0xfb800000)
2025-11-05T20:51:23.805Z In(05) vcpu-1 SVGA: FIFO is already mapped
2025-11-05T20:51:23.805Z In(05) vcpu-1 SVGA: Registering IOSpace at 0x2040
2025-11-05T20:51:23.805Z In(05) vcpu-1 SVGA: Registering MemSpace at 0xf0000000(0xf0000000) and 0xfb800000(0xfb800000)
2025-11-05T20:51:23.806Z In(05) vcpu-1 SVGA: FIFO is already mapped
2025-11-05T20:51:23.885Z In(05) vcpu-1 Guest: vm3d: SVGA WDDM Display Only driver, Version: 9.17.09.0004, Build Number: 24449046 Device: SVGA2
2025-11-05T20:51:23.885Z In(05) vcpu-1 Guest: vm3d: WDDM OS version: 10.0, build number: 17763, service pack version: 0.0, platform Id: 2, product type: 2, suite mask: 0x190
2025-11-05T20:51:23.885Z In(05) vcpu-1 SVGA: FIFO is already mapped
2025-11-05T20:51:23.885Z In(05) vcpu-1 SVGA: FIFO is already mapped
2025-11-05T20:51:23.886Z In(05) vcpu-1 SVGA: FIFO is already mapped
2025-11-05T20:51:23.886Z In(05) vcpu-1 SVGA: FIFO is already mapped
2025-11-05T20:51:23.910Z In(05) svga SWBScreen: Screen 1 Destroyed: xywh(0, 0, 1024, 768) flags=0x2
2025-11-05T20:51:23.911Z In(05) svga SWBScreen: Screen 1 Defined: xywh(0, 0, 1024, 768) flags=0x2
2025-11-05T20:51:23.919Z In(05) vcpu-0 Guest: vm3d: WDDM SVGA Grow OTable command is on.
2025-11-05T20:51:23.919Z In(05) vcpu-0 Guest: vm3d: WDDM SVGA IntraSurfaceCopy command is on.
2025-11-05T20:51:23.919Z In(05) vcpu-0 Guest: vm3d: WDDM Guest backed surface is on.
2025-11-05T20:51:23.919Z In(05) vcpu-0 Guest: vm3d: WDDM Mob Cursor is enabled.
2025-11-05T20:51:23.920Z In(05) vcpu-0 Guest: vm3d: WDDM Cursor4 support is on.
2025-11-05T20:51:23.920Z In(05) vcpu-0 Guest: vm3d: WDDM Frame Type is on.
2025-11-05T20:51:23.925Z In(05) vcpu-0 Guest: vm3d: WDDM SVGA FL11_0 (SM5) support is off.
2025-11-05T20:51:23.925Z In(05) vcpu-0 Guest: vm3d: WDDM 3D is off.
2025-11-05T20:51:23.926Z In(05) vcpu-0 Guest: vm3d: WDDM DX10 context is off.
2025-11-05T20:51:23.926Z In(05) vcpu-0 Guest: vm3d: WDDM GL3 is off.
2025-11-05T20:51:23.926Z In(05) vcpu-0 Guest: vm3d: WDDM DX cap is on.
2025-11-05T20:51:23.927Z In(05) vcpu-0 Guest: vm3d: WDDM HP Queue is on.
2025-11-05T20:51:23.927Z In(05) vcpu-0 Guest: vm3d: WDDM GDI HW acceleration is off.
2025-11-05T20:51:23.927Z In(05) vcpu-0 Guest: vm3d: WDDM Guest backed primary in aperture is on.
2025-11-05T20:51:23.927Z In(05) vcpu-0 SVGA: Guest reported SVGA WDDM driver version: 9.17.09.0004 Build Number: 24449046
2025-11-05T20:51:23.930Z In(05) vcpu-0 Guest: vm3d: WDDM Preemption Aware is on.
2025-11-05T20:51:23.932Z In(05) vcpu-0 Guest: vm3d: WDDM EDID support is off.
2025-11-05T20:51:23.946Z In(05) vcpu-0 Guest: vm3d: Modeset enabled, types available: TR CCD Multi
2025-11-05T20:51:23.947Z In(05) vcpu-0 Guest: vm3d: WDDM DirectFlip is off.
2025-11-05T20:51:23.949Z In(05) vcpu-0 Guest: vm3d: WDDM VSync is off.
2025-11-05T20:51:23.950Z In(05) vcpu-1 Guest: vm3d: WDDM DevApi ScreenDMA unavailable, using ScreenCopy
2025-11-05T20:51:23.952Z In(05) vcpu-1 Guest: vm3d: WDDM v1.2 enabled.
2025-11-05T20:51:23.952Z In(05) vcpu-1 Guest: vm3d: WDDM primary mem 262144KB.
2025-11-05T20:51:23.952Z In(05) vcpu-1 Guest: vm3d: WDDM VRAM 4096KB.
2025-11-05T20:51:23.962Z In(05) svga SWBScreen: Screen 1 Destroyed: xywh(0, 0, 1024, 768) flags=0x2
2025-11-05T20:51:23.962Z In(05) vcpu-1 Guest: vm3d: WDDM using 12KB memory for OTable.
2025-11-05T20:51:23.991Z In(05) vcpu-1 Guest: vm3d: WDDM Aperture memory 262144KB.
2025-11-05T20:51:23.992Z In(05) vcpu-1 Guest: vm3d: 1 monitors active
2025-11-05T20:51:24.005Z No(00) svga ConfigDB: Setting svga.guestBackedPrimaryAware = "TRUE"
2025-11-05T20:51:24.005Z In(05) svga SVGA-ScreenMgr: Screen type changed to ScreenTarget
2025-11-05T20:51:24.005Z In(05) svga SWBScreen: Screen 1 Defined: xywh(0, 0, 1024, 768) flags=0x2
2025-11-05T20:51:24.695Z In(05) vmx GuestRpc: Got RPCI vsocket connection 9, assigned to channel 0.
2025-11-05T20:51:24.734Z In(05) vmx GuestRpc: Got RPCI vsocket connection 10, assigned to channel 1.
2025-11-05T20:51:25.231Z In(05) vmx Guest: toolbox: Version: 12.5.3.52671 (build-24819442)
2025-11-05T20:51:25.234Z Wa(03) vcpu-1 GuestRpc: application toolbox, changing channel 65535 -> 0
2025-11-05T20:51:25.234Z In(05) vcpu-1 GuestRpc: Channel 0, guest application toolbox.
2025-11-05T20:51:25.234Z In(05) vcpu-1 Tools: [AppStatus] Last heartbeat value 14 (last received 0s ago)
2025-11-05T20:51:25.234Z In(05) vcpu-1 TOOLS: appName=toolbox, oldStatus=0, status=1, guestInitiated=0.
2025-11-05T20:51:25.254Z In(05) vmx TOOLS autoupgrade protocol version 2
2025-11-05T20:51:25.255Z In(05) vmx Tools: Changing running status: 1 => 2.
2025-11-05T20:51:25.255Z In(05) vmx Tools: [RunningStatus] Last heartbeat value 14 (last received 0s ago)
2025-11-05T20:51:25.263Z No(00) vmx ConfigDB: Setting tools.capability.verifiedSamlToken = "TRUE"
2025-11-05T20:51:25.280Z In(05) vmx TOOLS hostVerifiedSamlToken capability set to TRUE.
2025-11-05T20:51:25.281Z In(05) vmx TOOLS Received tools.set.versiontype rpc call, version = 12451, type = 1
2025-11-05T20:51:25.281Z In(05) vmx TOOLS setting legacy tools version to '12451' type 1, manifest status is 9
2025-11-05T20:51:25.281Z In(05) vmx Tools_SetVersionAndType: Updating the Tools Version in the disk
2025-11-05T20:51:25.304Z In(05) vmx Tools_SetVersionAndType: Done updating the Tools Version in the disk
2025-11-05T20:51:25.305Z In(05) vmx ToolsISO: Refreshing imageName for 'windows2019srv-64' (refreshCount=1, lastCount=1).
2025-11-05T20:51:25.305Z In(05) vmx ToolsISO: open of C:\Program Files (x86)\VMware\VMware Workstation\isoimages_manifest.txt.sig failed: Could not find the file
2025-11-05T20:51:25.305Z In(05) vmx ToolsISO: Unable to read signature file 'C:\Program Files (x86)\VMware\VMware Workstation\isoimages_manifest.txt.sig', ignoring.
2025-11-05T20:51:25.305Z In(05) worker-18508 ToolsISO: Refreshing imageName for 'windows2019srv-64' (refreshCount=1, lastCount=1).
2025-11-05T20:51:25.305Z In(05) vmx ToolsISO: Updated cached value for imageName to 'windows.iso'.
2025-11-05T20:51:25.305Z In(05) vmx ToolsISO: Selected Tools ISO 'windows.iso' for 'windows2019srv-64' guest.
2025-11-05T20:51:25.305Z In(05) vmx TOOLS updated cached value for isoImageExists to 1.
2025-11-05T20:51:25.305Z In(05) worker-18508 ToolsISO: open of C:\Program Files (x86)\VMware\VMware Workstation\isoimages_manifest.txt.sig failed: Could not find the file
2025-11-05T20:51:25.305Z In(05) worker-18508 ToolsISO: Unable to read signature file 'C:\Program Files (x86)\VMware\VMware Workstation\isoimages_manifest.txt.sig', ignoring.
2025-11-05T20:51:25.305Z In(05) vmx Starting copy guest manifest.
2025-11-05T20:51:25.306Z In(05) worker-18508 ToolsISO: Selected Tools ISO 'windows.iso' for 'windows2019srv-64' guest.
2025-11-05T20:51:25.306Z In(05) worker-18508 GetHostManifests: Extracting C:\Users\NARUTO1\AppData\Local\Temp\vmware-NARUTO1\manifest.txt.18508.iso.shipped manifest file.
2025-11-05T20:51:25.306Z In(05) worker-18508 ToolsISO: open of C:\Program Files (x86)\VMware\VMware Workstation\windows.iso.sha failed: Could not find the file
2025-11-05T20:51:25.306Z In(05) worker-18508 ToolsISO: Unable to read hash file C:\Program Files (x86)\VMware\VMware Workstation\windows.iso.sha, ignoring.
2025-11-05T20:51:25.307Z In(05) worker-18508 GetHostManifests: Done extracting the manifest file.
2025-11-05T20:51:25.307Z In(05) worker-18508 Win32U_GetFileAttributes: GetFileAttributesExW("C:\Program Files (x86)\VMware\VMware Workstation\windows_avr_manifest.txt", ...) failed, error: 2
2025-11-05T20:51:25.311Z In(05) vmx Guest: Executing script for state change 'OS_PowerOn'.
2025-11-05T20:51:25.320Z In(05) worker-18508 Using ToolsMinVersion = 8384
2025-11-05T20:51:25.320Z In(05) worker-18508 Using ToolsMaxVersion = 12451
2025-11-05T20:51:25.320Z In(05) worker-18508 ToolsVersionGetStatusWorkerThread: Tools status 3 derived from environment
2025-11-05T20:51:25.321Z In(05) vmx ToolsISO: Refreshing imageName for 'windows2019srv-64' (refreshCount=1, lastCount=1).
2025-11-05T20:51:25.321Z In(05) vmx ToolsISO: open of C:\Program Files (x86)\VMware\VMware Workstation\isoimages_manifest.txt.sig failed: Could not find the file
2025-11-05T20:51:25.321Z In(05) vmx ToolsISO: Unable to read signature file 'C:\Program Files (x86)\VMware\VMware Workstation\isoimages_manifest.txt.sig', ignoring.
2025-11-05T20:51:25.321Z In(05) vmx ToolsISO: Updated cached value for imageName to 'windows.iso'.
2025-11-05T20:51:25.321Z In(05) vmx ToolsISO: Selected Tools ISO 'windows.iso' for 'windows2019srv-64' guest.
2025-11-05T20:51:25.321Z In(05) vmx TOOLS updated cached value for isoImageExists to 1.
2025-11-05T20:51:25.321Z In(05) vmx VMXVmdb_SetToolsVersionStatus: status value set to 'ok', 'current', install possible
2025-11-05T20:51:25.323Z In(05) vcpu-0 Tools: State change '3' progress: last event 0, event 1, success 1.
2025-11-05T20:51:25.323Z In(05) vcpu-0 HGFileCopyCreateSessionCB: Successfully created the session.
2025-11-05T20:51:25.323Z In(05) vcpu-0 HGFileCopyFinishedGetFileAttrCB: Error getattr [root|drive|C|ProgramData|VMware|VMware Tools|manifest.txt] file attr (1)
2025-11-05T20:51:25.324Z In(05) vcpu-0 Failed to copy tools manifest file. success = 0, hgfsError = 1.
2025-11-05T20:51:25.324Z In(05) vcpu-0 ToolsISO: Refreshing imageName for 'windows2019srv-64' (refreshCount=1, lastCount=1).
2025-11-05T20:51:25.324Z In(05) vcpu-0 ToolsISO: open of C:\Program Files (x86)\VMware\VMware Workstation\isoimages_manifest.txt.sig failed: Could not find the file
2025-11-05T20:51:25.324Z In(05) vcpu-0 ToolsISO: Unable to read signature file 'C:\Program Files (x86)\VMware\VMware Workstation\isoimages_manifest.txt.sig', ignoring.
2025-11-05T20:51:25.325Z In(05) vcpu-0 ToolsISO: Updated cached value for imageName to 'windows.iso'.
2025-11-05T20:51:25.325Z In(05) vcpu-0 ToolsISO: Selected Tools ISO 'windows.iso' for 'windows2019srv-64' guest.
2025-11-05T20:51:25.325Z In(05) vcpu-0 TOOLS updated cached value for isoImageExists to 1.
2025-11-05T20:51:25.325Z In(05) vcpu-0 VMXVmdb_SetToolsVersionStatus: status value set to 'ok', 'current', install possible
2025-11-05T20:51:25.325Z In(05) vcpu-0 TOOLS installed legacy version 12451, available legacy version 12451
2025-11-05T20:51:25.325Z In(05) vcpu-0 TOOLS manifest update status is 3
2025-11-05T20:51:25.325Z In(05) vcpu-0 TOOLS can be autoupgraded.
2025-11-05T20:51:25.325Z In(05) vcpu-0 TOOLS Setting autoupgrade-checked TRUE.
2025-11-05T20:51:25.383Z In(05) vmx Guest: Script exit code: 0, success = 1
2025-11-05T20:51:25.385Z In(05) vmx TOOLS state change 3 returned status 1
2025-11-05T20:51:25.385Z In(05) vmx Tools: State change '3' progress: last event 1, event 2, success 1.
2025-11-05T20:51:25.385Z In(05) vmx Tools: State change '3' progress: last event 1, event 4, success 1.
2025-11-05T20:51:25.385Z In(05) vmx Vix: [mainDispatch.c:4130]: VMAutomationReportPowerStateChange: Reporting power state change (opcode=2, err=0).
2025-11-05T20:51:25.385Z In(05) vmx Tools: Changing running status: 2 => 1.
2025-11-05T20:51:25.385Z In(05) vmx Tools: [RunningStatus] Last heartbeat value 14 (last received 0s ago)
2025-11-05T20:51:28.170Z In(05) vcpu-1 TOOLS INSTALL entering installer is active.
2025-11-05T20:51:30.237Z In(05) vmx Tools_SetGuestResolution: Sending rpcMsg = Resolution_Set 1657 878
2025-11-05T20:51:30.422Z In(05) vcpu-0 Guest: DXUM_devapi: 3276: Application requested VM3DDevApi_Version3 (0x2)
2025-11-05T20:51:30.479Z In(05) svga SWBScreen: Screen 1 Destroyed: xywh(0, 0, 1024, 768) flags=0x2
2025-11-05T20:51:30.480Z In(05) svga SWBScreen: Screen 1 Defined: xywh(0, 0, 1657, 878) flags=0x2
2025-11-05T20:51:30.512Z In(05) vcpu-1 Guest: DXUM_devapi: 3276: ChangeTopology: Success (47 ms).
2025-11-05T20:51:31.723Z In(05) vmx GuestRpcSendTimedOut: message to toolbox-dnd timed out.
2025-11-05T20:51:34.771Z In(05) vmx GuestRpcSendTimedOut: message to toolbox-dnd timed out.
2025-11-05T20:51:35.364Z In(05) vmx Guest: toolbox-dnd: Version: 12.5.3.52671 (build-24819442)
2025-11-05T20:51:35.364Z Wa(03) vcpu-0 GuestRpc: application toolbox-dnd, changing channel 65535 -> 1
2025-11-05T20:51:35.364Z In(05) vcpu-0 GuestRpc: Channel 1, guest application toolbox-dnd.
2025-11-05T20:51:35.364Z In(05) vcpu-0 TOOLS: appName=toolbox-dnd, oldStatus=0, status=1, guestInitiated=0.
2025-11-05T20:51:35.365Z In(05) vmx DnDCP: dndGuestVersion from vmdb failed, setting to 4
2025-11-05T20:51:35.365Z In(05) vmx DnDCP: set guest controllers to version 4
2025-11-05T20:51:35.368Z In(05) vmx DnDCP: set guest controllers to version 4
2025-11-05T20:51:35.368Z In(05) vmx DnDCP: set guest controllers to version 4
2025-11-05T20:51:35.656Z In(05) vmx DnDCP: set guest controllers to version 4
2025-11-05T20:51:38.272Z In(05) vmx CPClipboard_SetItem: Set CPClipboard struct with data of size:1, format:1.
2025-11-05T20:51:46.128Z In(05) vcpu-1 TOOLS INSTALL entering installer is active.
2025-11-05T20:51:46.291Z In(05) vmx DnDCP: set guest controllers to version 4
2025-11-05T20:51:46.291Z In(05) vmx DnDCP: set guest controllers to version 4
2025-11-05T20:51:46.326Z In(05) vmx GuestRpc: Got error for channel 0 connection 9: Remote disconnected
2025-11-05T20:51:46.326Z In(05) vmx GuestRpc: GuestRpcResetVsockChannel: channel 0
2025-11-05T20:51:46.326Z In(05) vmx GuestRpc: Closing channel 0 connection 9
2025-11-05T20:51:46.327Z In(05) vcpu-0 GuestRpc: Reinitializing Channel 1(toolbox-dnd)
2025-11-05T20:51:46.327Z In(05) vcpu-0 TOOLS: appName=toolbox-dnd, oldStatus=1, status=0, guestInitiated=1.
2025-11-05T20:51:46.881Z In(05) vcpu-0 VMCIDatagram: Destination resource 13 unsupported.
2025-11-05T20:51:46.881Z In(05) vcpu-0 VMCIDatagram: Destination resource 13 unsupported.
2025-11-05T20:51:47.110Z In(05) vmx TOOLS autoupgrade protocol version 0
2025-11-05T20:51:47.160Z In(05) vmx GuestRpc: Got error for channel 1 connection 10: Remote disconnected
2025-11-05T20:51:47.160Z In(05) vmx GuestRpc: GuestRpcResetVsockChannel: channel 1
2025-11-05T20:51:47.160Z In(05) vmx GuestRpc: Closing channel 1 connection 10
2025-11-05T20:51:47.160Z In(05) vcpu-0 GuestRpc: Reinitializing Channel 0(toolbox)
2025-11-05T20:51:47.160Z In(05) vcpu-0 Tools: [AppStatus] Last heartbeat value 36 (last received 0s ago)
2025-11-05T20:51:47.161Z In(05) vcpu-0 TOOLS: appName=toolbox, oldStatus=1, status=0, guestInitiated=1.
2025-11-05T20:51:52.697Z In(05) vcpu-0 CDROM: Unknown command 0x35.
2025-11-05T20:51:52.697Z In(05) vcpu-0 CDROM sata0:1: CMD 0x35 (SYNC CACHE) FAILED (key 0x5 asc 0x20 ascq 0)
2025-11-05T20:51:54.734Z In(05) vcpu-1 PCIXHCI: Interrupt type changed from MSIX to INTX
2025-11-05T20:51:54.797Z In(05) vcpu-0 Chipset: The guest has requested that the virtual machine be hard reset.
2025-11-05T20:51:54.798Z In(05) vcpu-0 DEVICE: Resetting device 'ALL'.
2025-11-05T20:51:54.798Z In(05) vcpu-0 USB: DevID(200000050e0f0003): Per-Device Resetting device.
2025-11-05T20:51:54.799Z In(05) vcpu-0 pvnvram: SecureBootMode value: 0
2025-11-05T20:51:54.799Z In(05) vcpu-0 pvnvram: Transitioning to: SecureBootModeDisabled.
2025-11-05T20:51:54.799Z In(05) vcpu-0 Tools: ToolsRunningStatus_Reset, delayedRequest is 0x0
2025-11-05T20:51:54.799Z In(05) vcpu-0 Tools: Changing running status: 1 => 0.
2025-11-05T20:51:54.799Z In(05) vcpu-0 Tools: [RunningStatus] Last heartbeat value 37 (last received 7s ago)
2025-11-05T20:51:54.800Z In(05) vcpu-0 Vix: [guestCommands.c:1990]: Error VIX_E_TOOLS_NOT_RUNNING in VMAutomationTranslateGuestRpcError(): A guest cmd cannot be sent because the connection to the guest was closed; giving up, op=62.
2025-11-05T20:51:54.800Z In(05) vcpu-0 Tools: [AppStatus] Last heartbeat value 37 (last received 7s ago)
2025-11-05T20:51:54.800Z In(05) vcpu-0 TOOLS: appName=toolbox, oldStatus=0, status=0, guestInitiated=0.
2025-11-05T20:51:54.801Z In(05) vcpu-0 NVME-CORE: Doing a full reset of controller regs and queues.
2025-11-05T20:51:54.801Z In(05) vcpu-0 PCIXHCI: SuperSpeed20Gbps(USB3.2) is supported by xHCI.
2025-11-05T20:51:54.801Z In(05) vcpu-0 EHCI: Per-device ehci hard reset ehci.
2025-11-05T20:51:54.801Z In(05) vcpu-0 CPU reset: hard (mode Emulation)
2025-11-05T20:51:54.801Z In(05) vcpu-1 CPU reset: hard (mode Emulation)
2025-11-05T20:51:54.802Z In(05) vcpu-0 SVGA: FIFO is already mapped
2025-11-05T20:51:54.803Z In(05) svga SWBScreen: Screen 1 Destroyed: xywh(0, 0, 1657, 878) flags=0x2
2025-11-05T20:51:54.803Z In(05) svga SVGA-ScreenMgr: Screen type changed to RegisterMode
2025-11-05T20:51:54.803Z In(05) svga SWBScreen: Screen 1 Defined: xywh(0, 0, 1024, 768) flags=0x2
2025-11-05T20:51:54.832Z In(05) vcpu-0 SVGA: Unregistering IOSpace at 0x2040
2025-11-05T20:51:54.843Z In(05) vcpu-0 SVGA: Unregistering MemSpace at 0xf0000000(0xf0000000) and 0xfb800000(0xfb800000)
2025-11-05T20:51:54.843Z In(05) vcpu-0 SVGA: FIFO is already mapped
2025-11-05T20:51:54.851Z In(05) vcpu-0 Guest: EFI ROM version: VMW201.00V.24006586.B64.2406042154 (64-bit RELEASE)
2025-11-05T20:51:54.933Z In(05) svga SVGA disabling SVGA
2025-11-05T20:51:54.933Z In(05) svga SWBScreen: Screen 1 Destroyed: xywh(0, 0, 1024, 768) flags=0x2
2025-11-05T20:51:54.939Z In(05) svga SWBScreen: Screen 0 Defined: xywh(0, 0, 640, 480) flags=0x3
2025-11-05T20:51:54.970Z In(05) vcpu-0 pvnvram: SecureBootMode value: 0
2025-11-05T20:51:54.970Z In(05) vcpu-0 pvnvram: Transitioning to: SecureBootModeDisabled.
2025-11-05T20:51:54.996Z In(05) vcpu-0 BIOS-UUID is 56 4d 56 97 9f 13 2a 00-65 2a a8 38 8f df bb 74
2025-11-05T20:51:55.088Z In(05) vcpu-0 NVME-PCI: PCI reset on controller nvme0.
2025-11-05T20:51:55.088Z In(05) vcpu-0 NVME-CORE: Doing a full reset of controller regs and queues.
2025-11-05T20:51:55.104Z In(05) vcpu-0 SVGA: Registering MemSpace at 0xf0000000(0xf0000000) and 0xfb800000(0xfb800000)
2025-11-05T20:51:55.104Z In(05) vcpu-0 SVGA: FIFO is already mapped
2025-11-05T20:51:55.104Z In(05) vcpu-0 SVGA: Unregistering MemSpace at 0xf0000000(0xf0000000) and 0xfb800000(0xfb800000)
2025-11-05T20:51:55.104Z In(05) vcpu-0 SVGA: FIFO is already mapped
2025-11-05T20:51:55.118Z In(05) vcpu-0 SVGA: Registering IOSpace at 0x2040
2025-11-05T20:51:55.118Z In(05) vcpu-0 SVGA: Unregistering IOSpace at 0x2040
2025-11-05T20:51:55.119Z In(05) vcpu-0 AHCI: Tried to enable/disable IO space.
2025-11-05T20:51:55.130Z In(05) vcpu-0 SVGA: Registering IOSpace at 0x2040
2025-11-05T20:51:55.130Z In(05) vcpu-0 SVGA: Registering MemSpace at 0xf0000000(0xf0000000) and 0xfb800000(0xfb800000)
2025-11-05T20:51:55.130Z In(05) vcpu-0 SVGA: FIFO is already mapped
2025-11-05T20:51:55.130Z In(05) vcpu-0 SVGA: FIFO is already mapped
2025-11-05T20:51:55.131Z In(05) svga SVGA enabling SVGA
2025-11-05T20:51:55.131Z In(05) svga SWBScreen: Screen 0 Destroyed: xywh(0, 0, 640, 480) flags=0x3
2025-11-05T20:51:55.148Z In(05) svga SWBScreen: Screen 1 Defined: xywh(0, 0, 1024, 768) flags=0x2
2025-11-05T20:51:55.549Z In(05) vcpu-0 Tools: Running status rpc handler: 0 => 1.
2025-11-05T20:51:55.549Z In(05) vcpu-0 Tools: Changing running status: 0 => 1.
2025-11-05T20:51:55.549Z In(05) vcpu-0 Tools: [RunningStatus] Last heartbeat value 38 (last received 0s ago)
2025-11-05T20:51:57.510Z In(05) vcpu-0 Guest: About to do EFI boot: Windows Boot Manager
2025-11-05T20:51:57.970Z In(05) vcpu-1 CPU reset: soft (mode Emulation)
2025-11-05T20:51:57.970Z In(05) vcpu-0 Guest: Firmware has transitioned to runtime.
2025-11-05T20:51:59.302Z In(05) vcpu-0 SVGA: Unregistering IOSpace at 0x2040
2025-11-05T20:51:59.302Z In(05) vcpu-0 SVGA: Unregistering MemSpace at 0xf0000000(0xf0000000) and 0xfb800000(0xfb800000)
2025-11-05T20:51:59.302Z In(05) vcpu-0 SVGA: FIFO is already mapped
2025-11-05T20:51:59.303Z In(05) vcpu-0 SVGA: Registering IOSpace at 0x2040
2025-11-05T20:51:59.303Z In(05) vcpu-0 SVGA: Registering MemSpace at 0xf0000000(0xf0000000) and 0xfb800000(0xfb800000)
2025-11-05T20:51:59.303Z In(05) vcpu-0 SVGA: FIFO is already mapped
2025-11-05T20:52:00.558Z In(05) vcpu-1 Guest: Driver=vsock, Version=9.8.22.1
2025-11-05T20:52:00.563Z In(05) vcpu-1 Guest: Driver=vmci, Version=9.8.30.0
2025-11-05T20:52:00.567Z In(05) vcpu-1 VMCI: Capabilities in use by device: 0x1c.
2025-11-05T20:52:00.677Z In(05) vcpu-0 AHCI-VMM:HBA reset issued on sata0.
2025-11-05T20:52:02.636Z In(05) vcpu-1 NVME-VMM: Controller level reset via CC.EN bit transition on nvme0
2025-11-05T20:52:02.636Z In(05) vcpu-1 NVME-CORE: Doing a partial reset of controller regs and queues.
2025-11-05T20:52:02.938Z In(05) vcpu-0 Guest: vm3d: WDDM Miniport Loading the release build type
2025-11-05T20:52:02.948Z In(05) vcpu-0 Guest: vm3d: Driver=wddm, Version=9.17.09.0004
2025-11-05T20:52:03.045Z In(05) vcpu-1 SVGA: Unregistering IOSpace at 0x2040
2025-11-05T20:52:03.045Z In(05) vcpu-1 SVGA: Unregistering MemSpace at 0xf0000000(0xf0000000) and 0xfb800000(0xfb800000)
2025-11-05T20:52:03.045Z In(05) vcpu-1 SVGA: FIFO is already mapped
2025-11-05T20:52:03.045Z In(05) vcpu-1 SVGA: Registering IOSpace at 0x2040
2025-11-05T20:52:03.045Z In(05) vcpu-1 SVGA: Registering MemSpace at 0xf0000000(0xf0000000) and 0xfb800000(0xfb800000)
2025-11-05T20:52:03.046Z In(05) vcpu-1 SVGA: FIFO is already mapped
2025-11-05T20:52:03.115Z In(05) vcpu-1 CDROM: Emulate GET CONFIGURATION RT 0 starting feature 0
2025-11-05T20:52:03.115Z In(05) vcpu-1 CDROM: Emulate GET CONFIGURATION RT 2 starting feature 0
2025-11-05T20:52:03.115Z In(05) vcpu-1 CDROM: Emulate GET CONFIGURATION RT 0 starting feature 0
2025-11-05T20:52:03.115Z In(05) vcpu-1 CDROM: Emulate GET CONFIGURATION RT 0 starting feature 0
2025-11-05T20:52:03.115Z In(05) vcpu-1 CDROM: Unknown command 0xA4.
2025-11-05T20:52:03.115Z In(05) vcpu-1 CDROM sata0:1: CMD 0xa4 (*UNKNOWN (0xa4)*) FAILED (key 0x5 asc 0x20 ascq 0)
2025-11-05T20:52:03.122Z In(05) vcpu-1 CDROM: Emulate GET CONFIGURATION RT 1 starting feature 0
2025-11-05T20:52:03.147Z In(05) vcpu-1 PCIXHCI: Interrupt type changed from INTX to MSIX
2025-11-05T20:52:03.177Z Wa(03) vcpu-1 HDAudio: HDAudioControllerReset: RIRB run bit is set.
2025-11-05T20:52:03.473Z In(05) vcpu-1 CDROM: Emulate GET CONFIGURATION RT 2 starting feature 0
2025-11-05T20:52:03.473Z In(05) vcpu-1 CDROM: Emulate GET CONFIGURATION RT 2 starting feature 0
2025-11-05T20:52:03.473Z In(05) vcpu-1 CDROM: Emulate GET CONFIGURATION RT 2 starting feature 263
2025-11-05T20:52:03.474Z In(05) vcpu-1 CDROM: Emulate GET CONFIGURATION RT 2 starting feature 263
2025-11-05T20:52:03.938Z In(05) vcpu-1 Guest: vm3d: SVGA WDDM Display Only driver, Version: 9.17.09.0004, Build Number: 24449046 Device: SVGA2
2025-11-05T20:52:03.939Z In(05) vcpu-1 Guest: vm3d: WDDM OS version: 10.0, build number: 17763, service pack version: 0.0, platform Id: 2, product type: 2, suite mask: 0x190
2025-11-05T20:52:03.939Z In(05) vcpu-1 SVGA: FIFO is already mapped
2025-11-05T20:52:03.939Z In(05) vcpu-1 SVGA: FIFO is already mapped
2025-11-05T20:52:03.939Z In(05) vcpu-1 SVGA: FIFO is already mapped
2025-11-05T20:52:03.939Z In(05) vcpu-1 SVGA: FIFO is already mapped
2025-11-05T20:52:03.954Z In(05) svga SWBScreen: Screen 1 Destroyed: xywh(0, 0, 1024, 768) flags=0x2
2025-11-05T20:52:03.954Z In(05) svga SWBScreen: Screen 1 Defined: xywh(0, 0, 1024, 768) flags=0x2
2025-11-05T20:52:03.960Z In(05) vcpu-1 Guest: vm3d: WDDM SVGA Grow OTable command is on.
2025-11-05T20:52:03.960Z In(05) vcpu-1 Guest: vm3d: WDDM SVGA IntraSurfaceCopy command is on.
2025-11-05T20:52:03.960Z In(05) vcpu-1 Guest: vm3d: WDDM Guest backed surface is on.
2025-11-05T20:52:03.960Z In(05) vcpu-1 Guest: vm3d: WDDM Mob Cursor is enabled.
2025-11-05T20:52:03.960Z In(05) vcpu-1 Guest: vm3d: WDDM Cursor4 support is on.
2025-11-05T20:52:03.960Z In(05) vcpu-1 Guest: vm3d: WDDM Frame Type is on.
2025-11-05T20:52:03.964Z In(05) vcpu-1 Guest: vm3d: WDDM SVGA FL11_0 (SM5) support is off.
2025-11-05T20:52:03.965Z In(05) vcpu-1 Guest: vm3d: WDDM 3D is off.
2025-11-05T20:52:03.965Z In(05) vcpu-1 Guest: vm3d: WDDM DX10 context is off.
2025-11-05T20:52:03.965Z In(05) vcpu-1 Guest: vm3d: WDDM GL3 is off.
2025-11-05T20:52:03.965Z In(05) vcpu-1 Guest: vm3d: WDDM DX cap is on.
2025-11-05T20:52:03.965Z In(05) vcpu-1 Guest: vm3d: WDDM HP Queue is on.
2025-11-05T20:52:03.965Z In(05) vcpu-1 Guest: vm3d: WDDM GDI HW acceleration is off.
2025-11-05T20:52:03.966Z In(05) vcpu-1 Guest: vm3d: WDDM Guest backed primary in aperture is on.
2025-11-05T20:52:03.966Z In(05) vcpu-1 SVGA: Guest reported SVGA WDDM driver version: 9.17.09.0004 Build Number: 24449046
2025-11-05T20:52:03.969Z In(05) vcpu-1 Guest: vm3d: WDDM Preemption Aware is on.
2025-11-05T20:52:03.971Z In(05) vcpu-1 Guest: vm3d: WDDM EDID support is off.
2025-11-05T20:52:03.982Z In(05) vcpu-1 Guest: vm3d: Modeset enabled, types available: TR CCD Multi
2025-11-05T20:52:03.983Z In(05) vcpu-1 Guest: vm3d: WDDM DirectFlip is off.
2025-11-05T20:52:03.985Z In(05) vcpu-1 Guest: vm3d: WDDM VSync is off.
2025-11-05T20:52:03.987Z In(05) vcpu-1 Guest: vm3d: WDDM DevApi ScreenDMA unavailable, using ScreenCopy
2025-11-05T20:52:03.989Z In(05) vcpu-1 Guest: vm3d: WDDM v1.2 enabled.
2025-11-05T20:52:03.989Z In(05) vcpu-1 Guest: vm3d: WDDM primary mem 262144KB.
2025-11-05T20:52:03.989Z In(05) vcpu-1 Guest: vm3d: WDDM VRAM 4096KB.
2025-11-05T20:52:03.990Z In(05) svga SWBScreen: Screen 1 Destroyed: xywh(0, 0, 1024, 768) flags=0x2
2025-11-05T20:52:03.990Z In(05) vcpu-1 Guest: vm3d: WDDM using 12KB memory for OTable.
2025-11-05T20:52:04.029Z In(05) vcpu-1 Guest: vm3d: WDDM Aperture memory 262144KB.
2025-11-05T20:52:04.031Z In(05) vcpu-1 Guest: vm3d: 1 monitors active
2025-11-05T20:52:04.081Z In(05) svga SVGA-ScreenMgr: Screen type changed to ScreenTarget
2025-11-05T20:52:04.081Z In(05) svga SWBScreen: Screen 1 Defined: xywh(0, 0, 1657, 878) flags=0x2
2025-11-05T20:52:05.679Z In(05) vmx DISKLIB-LIB   : numIOs = 400000 numMergedIOs = 59517 numSplitIOs = 10052
2025-11-05T20:52:06.188Z In(05) vcpu-0 CDROM: Emulate GET CONFIGURATION RT 2 starting feature 0
2025-11-05T20:52:06.188Z In(05) vcpu-0 CDROM: Emulate GET CONFIGURATION RT 2 starting feature 30
2025-11-05T20:52:06.188Z In(05) vcpu-0 CDROM: Emulate GET CONFIGURATION RT 2 starting feature 31
2025-11-05T20:52:06.188Z In(05) vcpu-0 CDROM: Emulate GET CONFIGURATION RT 2 starting feature 32
2025-11-05T20:52:06.188Z In(05) vcpu-0 CDROM: Emulate GET CONFIGURATION RT 2 starting feature 33
2025-11-05T20:52:06.188Z In(05) vcpu-0 CDROM: Emulate GET CONFIGURATION RT 2 starting feature 35
2025-11-05T20:52:06.188Z In(05) vcpu-0 CDROM: Emulate GET CONFIGURATION RT 2 starting feature 36
2025-11-05T20:52:06.188Z In(05) vcpu-0 CDROM: Emulate GET CONFIGURATION RT 2 starting feature 38
2025-11-05T20:52:06.188Z In(05) vcpu-0 CDROM: Emulate GET CONFIGURATION RT 2 starting feature 42
2025-11-05T20:52:06.188Z In(05) vcpu-0 CDROM: Emulate GET CONFIGURATION RT 2 starting feature 43
2025-11-05T20:52:06.188Z In(05) vcpu-0 CDROM: Emulate GET CONFIGURATION RT 2 starting feature 45
2025-11-05T20:52:06.188Z In(05) vcpu-0 CDROM: Emulate GET CONFIGURATION RT 2 starting feature 46
2025-11-05T20:52:06.189Z In(05) vcpu-0 CDROM: Emulate GET CONFIGURATION RT 2 starting feature 47
2025-11-05T20:52:06.189Z In(05) vcpu-0 CDROM: Emulate GET CONFIGURATION RT 2 starting feature 64
2025-11-05T20:52:06.189Z In(05) vcpu-0 CDROM: Emulate GET CONFIGURATION RT 2 starting feature 65
2025-11-05T20:52:06.189Z In(05) vcpu-0 CDROM: Emulate GET CONFIGURATION RT 2 starting feature 259
2025-11-05T20:52:24.557Z In(05) vcpu-0 Tools: Tools heartbeat timeout.
2025-11-05T20:52:24.557Z In(05) vcpu-0 Tools: Running status rpc handler: 1 => 0.
2025-11-05T20:52:24.557Z In(05) vcpu-0 Tools: Changing running status: 1 => 0.
2025-11-05T20:52:24.557Z In(05) vcpu-0 Tools: [RunningStatus] Last heartbeat value 43 (last received 20s ago)
2025-11-05T20:52:26.830Z Wa(03) vcpu-0 Balloon: Start: vmmemctl reset balloon
2025-11-05T20:52:27.161Z In(05) vmx GuestRpc: Got RPCI vsocket connection 11, assigned to channel 0.
2025-11-05T20:52:27.244Z In(05) vmx Guest: [vgauthservice] VGAuthService build-24696414 starting up
2025-11-05T20:52:27.244Z In(05) vmx GuestRpc: Closing channel 0 connection 11
2025-11-05T20:52:27.270Z In(05) vmx GuestRpc: Got RPCI vsocket connection 12, assigned to channel 0.
2025-11-05T20:52:27.322Z In(05) vmx GuestRpc: Got RPCI vsocket connection 13, assigned to channel 1.
2025-11-05T20:52:27.375Z In(05) vcpu-0 Guest: Driver=vmhgfs, Version=11.0.47.0
2025-11-05T20:52:27.400Z In(05) vmx Guest: toolbox: Version: 12.5.3.52671 (build-24819442)
2025-11-05T20:52:27.400Z Wa(03) vcpu-1 GuestRpc: application toolbox, changing channel 65535 -> 0
2025-11-05T20:52:27.400Z In(05) vcpu-1 GuestRpc: Channel 0, guest application toolbox.
2025-11-05T20:52:27.401Z In(05) vcpu-1 Tools: [AppStatus] Last heartbeat value 43 (last received 22s ago)
2025-11-05T20:52:27.401Z In(05) vcpu-1 TOOLS: appName=toolbox, oldStatus=0, status=1, guestInitiated=0.
2025-11-05T20:52:27.520Z In(05) vmx Guest: [vgauthservice] SAML_Init: Using xmlsec1 1.3.5 for XML signature support
2025-11-05T20:52:27.520Z In(05) vmx GuestRpc: Closing channel 1 connection 13
2025-11-05T20:52:27.539Z In(05) vmx TOOLS soft reset detected.
2025-11-05T20:52:27.545Z In(05) vmx TOOLS autoupgrade protocol version 2
2025-11-05T20:52:27.545Z In(05) vmx Vix: [mainDispatch.c:4130]: VMAutomationReportPowerStateChange: Reporting power state change (opcode=2, err=0).
2025-11-05T20:52:27.548Z In(05) vcpu-0 Tools: Running status rpc handler: 0 => 1.
2025-11-05T20:52:27.548Z In(05) vcpu-0 Tools: Changing running status: 0 => 1.
2025-11-05T20:52:27.548Z In(05) vcpu-0 Tools: [RunningStatus] Last heartbeat value 44 (last received 0s ago)
2025-11-05T20:52:27.602Z In(05) vmx TOOLS Received tools.set.versiontype rpc call, version = 12451, type = 1
2025-11-05T20:52:27.602Z In(05) vmx Tools_SetVersionAndType did nothing; new tools version (12451) and type (1) match old Tools version and type
2025-11-05T20:52:27.602Z In(05) vmx TOOLS Setting autoupgrade-checked FALSE.
2025-11-05T20:52:27.602Z In(05) vmx ToolsISO: Refreshing imageName for 'windows2019srv-64' (refreshCount=1, lastCount=1).
2025-11-05T20:52:27.602Z In(05) vmx ToolsISO: open of C:\Program Files (x86)\VMware\VMware Workstation\isoimages_manifest.txt.sig failed: Could not find the file
2025-11-05T20:52:27.602Z In(05) vmx ToolsISO: Unable to read signature file 'C:\Program Files (x86)\VMware\VMware Workstation\isoimages_manifest.txt.sig', ignoring.
2025-11-05T20:52:27.603Z In(05) vmx ToolsISO: Updated cached value for imageName to 'windows.iso'.
2025-11-05T20:52:27.603Z In(05) vmx ToolsISO: Selected Tools ISO 'windows.iso' for 'windows2019srv-64' guest.
2025-11-05T20:52:27.603Z In(05) vmx TOOLS updated cached value for isoImageExists to 1.
2025-11-05T20:52:27.603Z In(05) vmx Starting copy guest manifest.
2025-11-05T20:52:27.615Z In(05) vmx TOOLS autoupgrade protocol version 2
2025-11-05T20:52:27.615Z In(05) vmx Vix: [mainDispatch.c:4130]: VMAutomationReportPowerStateChange: Reporting power state change (opcode=2, err=0).
2025-11-05T20:52:27.652Z In(05) vmx TOOLS Received tools.set.versiontype rpc call, version = 12451, type = 1
2025-11-05T20:52:27.652Z In(05) vmx Tools_SetVersionAndType did nothing; new tools version (12451) and type (1) match old Tools version and type
2025-11-05T20:52:27.653Z In(05) vcpu-0 HGFileCopyCreateSessionCB: Successfully created the session.
2025-11-05T20:52:27.688Z In(05) vcpu-0 ToolsLoadManifestFileCB: Queuing a request to update the manifest information.
2025-11-05T20:52:27.689Z In(05) worker-18508 ToolsISO: Refreshing imageName for 'windows2019srv-64' (refreshCount=1, lastCount=1).
2025-11-05T20:52:27.689Z In(05) worker-18508 ToolsISO: open of C:\Program Files (x86)\VMware\VMware Workstation\isoimages_manifest.txt.sig failed: Could not find the file
2025-11-05T20:52:27.689Z In(05) worker-18508 ToolsISO: Unable to read signature file 'C:\Program Files (x86)\VMware\VMware Workstation\isoimages_manifest.txt.sig', ignoring.
2025-11-05T20:52:27.689Z In(05) worker-18508 ToolsISO: Updated cached value for imageName to 'windows.iso'.
2025-11-05T20:52:27.689Z In(05) worker-18508 ToolsISO: Selected Tools ISO 'windows.iso' for 'windows2019srv-64' guest.
2025-11-05T20:52:27.689Z In(05) worker-18508 GetHostManifests: Extracting C:\Users\NARUTO1\AppData\Local\Temp\vmware-NARUTO1\manifest.txt.18508.iso.shipped manifest file.
2025-11-05T20:52:27.689Z In(05) worker-18508 ToolsISO: open of C:\Program Files (x86)\VMware\VMware Workstation\windows.iso.sha failed: Could not find the file
2025-11-05T20:52:27.689Z In(05) worker-18508 ToolsISO: Unable to read hash file C:\Program Files (x86)\VMware\VMware Workstation\windows.iso.sha, ignoring.
2025-11-05T20:52:27.690Z In(05) worker-18508 GetHostManifests: Done extracting the manifest file.
2025-11-05T20:52:27.690Z In(05) worker-18508 Win32U_GetFileAttributes: GetFileAttributesExW("C:\Program Files (x86)\VMware\VMware Workstation\windows_avr_manifest.txt", ...) failed, error: 2
2025-11-05T20:52:27.691Z In(05) worker-18508 Using ToolsMinVersion = 8384
2025-11-05T20:52:27.691Z In(05) worker-18508 Using ToolsMaxVersion = 12451
2025-11-05T20:52:27.691Z In(05) worker-18508 ToolsVersionGetStatusWorkerThread: Tools status 3 derived from environment
2025-11-05T20:52:27.691Z In(05) vmx ToolsUpdateManifestInfoWorkerThreadDone: Compared tools manifest from host and from the guest. Status = 3.
2025-11-05T20:52:27.691Z In(05) vmx ToolsUpdateManifestInfoWorkerThreadDone: Updating the manifest info.
2025-11-05T20:52:27.692Z No(00) vmx ConfigDB: Setting extendedConfigFile = "WindowsServer2019-1.vmxf"
2025-11-05T20:52:27.698Z In(05) vmx ToolsISO: Refreshing imageName for 'windows2019srv-64' (refreshCount=1, lastCount=1).
2025-11-05T20:52:27.698Z In(05) vmx ToolsISO: open of C:\Program Files (x86)\VMware\VMware Workstation\isoimages_manifest.txt.sig failed: Could not find the file
2025-11-05T20:52:27.698Z In(05) vmx ToolsISO: Unable to read signature file 'C:\Program Files (x86)\VMware\VMware Workstation\isoimages_manifest.txt.sig', ignoring.
2025-11-05T20:52:27.698Z In(05) vmx ToolsISO: Updated cached value for imageName to 'windows.iso'.
2025-11-05T20:52:27.698Z In(05) vmx ToolsISO: Selected Tools ISO 'windows.iso' for 'windows2019srv-64' guest.
2025-11-05T20:52:27.698Z In(05) vmx TOOLS updated cached value for isoImageExists to 1.
2025-11-05T20:52:27.698Z In(05) vmx VMXVmdb_SetToolsVersionStatus: status value set to 'ok', 'current', install possible
2025-11-05T20:52:27.698Z In(05) vmx TOOLS installed legacy version 12451, available legacy version 12451
2025-11-05T20:52:27.698Z In(05) vmx TOOLS manifest update status is 3
2025-11-05T20:52:27.698Z In(05) vmx TOOLS can be autoupgraded.
2025-11-05T20:52:27.698Z In(05) vmx TOOLS Setting autoupgrade-checked TRUE.
2025-11-05T20:52:29.703Z In(05) vcpu-1 CDROM: Emulate GET CONFIGURATION RT 1 starting feature 0
2025-11-05T20:52:29.705Z In(05) vcpu-0 CDROM: Emulate GET CONFIGURATION RT 2 starting feature 0
2025-11-05T20:52:29.705Z In(05) vcpu-0 CDROM: Emulate GET CONFIGURATION RT 2 starting feature 0
2025-11-05T20:52:29.706Z In(05) vcpu-0 CDROM: Emulate GET CONFIGURATION RT 1 starting feature 0
2025-11-05T20:52:29.706Z In(05) vcpu-1 CDROM: Emulate GET CONFIGURATION RT 2 starting feature 0
2025-11-05T20:52:29.706Z In(05) vcpu-0 CDROM: Emulate GET CONFIGURATION RT 2 starting feature 0
2025-11-05T20:52:29.707Z In(05) vcpu-1 CDROM: Emulate GET CONFIGURATION RT 1 starting feature 0
2025-11-05T20:52:29.707Z In(05) vcpu-0 CDROM: Emulate GET CONFIGURATION RT 2 starting feature 0
2025-11-05T20:52:29.707Z In(05) vcpu-0 CDROM: Emulate GET CONFIGURATION RT 2 starting feature 0
2025-11-05T20:52:29.717Z In(05) vcpu-0 CDROM: Emulate GET CONFIGURATION RT 1 starting feature 0
2025-11-05T20:52:29.717Z In(05) vcpu-0 CDROM: Emulate GET CONFIGURATION RT 2 starting feature 0
2025-11-05T20:52:29.717Z In(05) vcpu-0 CDROM: Emulate GET CONFIGURATION RT 2 starting feature 0
2025-11-05T20:52:29.717Z In(05) vcpu-0 CDROM: Emulate GET CONFIGURATION RT 1 starting feature 0
2025-11-05T20:52:29.717Z In(05) vcpu-0 CDROM: Emulate GET CONFIGURATION RT 2 starting feature 0
2025-11-05T20:52:29.717Z In(05) vcpu-0 CDROM: Emulate GET CONFIGURATION RT 2 starting feature 0
2025-11-05T20:52:29.718Z In(05) vcpu-0 CDROM: Emulate GET CONFIGURATION RT 1 starting feature 0
2025-11-05T20:52:29.719Z In(05) vcpu-1 CDROM: Emulate GET CONFIGURATION RT 2 starting feature 0
2025-11-05T20:52:29.720Z In(05) vcpu-1 CDROM: Emulate GET CONFIGURATION RT 2 starting feature 0
2025-11-05T20:52:57.136Z In(05) vmx GuestRpcSendTimedOut: message to toolbox-dnd timed out.
2025-11-05T20:52:57.399Z In(05) vmx GuestInfo: HostinfoDetailedDataHeader version: 1
2025-11-05T20:52:57.399Z No(00) vmx ConfigDB: Setting guestInfo.detailed.data = <not printed>
2025-11-05T20:52:58.402Z In(05) vmx Msg_Post: Warning
2025-11-05T20:52:58.402Z In(05) vmx [msg.keyboardHook.cad.hotkey] To send "Ctrl+Alt+Delete" only to the virtual machine, type "Ctrl+Alt+Insert" instead.
2025-11-05T20:52:58.402Z In(05) vmx ----------------------------------------
2025-11-05T20:53:15.892Z In(05) vcpu-0 CDROM: Emulate GET CONFIGURATION RT 2 starting feature 0
2025-11-05T20:53:15.892Z In(05) vcpu-0 CDROM: Emulate GET CONFIGURATION RT 2 starting feature 0
2025-11-05T20:53:15.894Z In(05) vcpu-0 CDROM: Emulate GET CONFIGURATION RT 2 starting feature 0
2025-11-05T20:53:15.894Z In(05) vcpu-0 CDROM: Emulate GET CONFIGURATION RT 2 starting feature 0
2025-11-05T20:53:15.894Z In(05) vcpu-0 CDROM: Emulate GET CONFIGURATION RT 2 starting feature 45
2025-11-05T20:53:15.894Z In(05) vcpu-0 CDROM: Emulate GET CONFIGURATION RT 2 starting feature 45
2025-11-05T20:53:15.894Z In(05) vcpu-0 CDROM: Emulate GET CONFIGURATION RT 2 starting feature 47
2025-11-05T20:53:15.895Z In(05) vcpu-0 CDROM: Emulate GET CONFIGURATION RT 2 starting feature 47
2025-11-05T20:53:15.895Z In(05) vcpu-0 CDROM: Emulate GET CONFIGURATION RT 2 starting feature 43
2025-11-05T20:53:15.895Z In(05) vcpu-0 CDROM: Emulate GET CONFIGURATION RT 2 starting feature 43
2025-11-05T20:53:15.895Z In(05) vcpu-0 CDROM: Emulate GET CONFIGURATION RT 2 starting feature 42
2025-11-05T20:53:15.895Z In(05) vcpu-0 CDROM: Emulate GET CONFIGURATION RT 2 starting feature 42
2025-11-05T20:53:15.895Z In(05) vcpu-0 CDROM: Emulate GET CONFIGURATION RT 2 starting feature 59
2025-11-05T20:53:15.895Z In(05) vcpu-0 CDROM: Emulate GET CONFIGURATION RT 2 starting feature 59
2025-11-05T20:53:15.895Z In(05) vcpu-0 CDROM: Emulate GET CONFIGURATION RT 2 starting feature 65
2025-11-05T20:53:15.895Z In(05) vcpu-0 CDROM: Emulate GET CONFIGURATION RT 2 starting feature 65
2025-11-05T20:53:15.895Z In(05) vcpu-0 CDROM: Emulate GET CONFIGURATION RT 2 starting feature 0
2025-11-05T20:53:15.895Z In(05) vcpu-0 CDROM: Emulate GET CONFIGURATION RT 2 starting feature 0
2025-11-05T20:53:15.927Z In(05) vcpu-0 CDROM: Emulate GET CONFIGURATION RT 2 starting feature 0
2025-11-05T20:53:15.927Z In(05) vcpu-0 CDROM: Emulate GET CONFIGURATION RT 2 starting feature 0
2025-11-05T20:53:15.927Z In(05) vcpu-0 CDROM: Emulate GET CONFIGURATION RT 2 starting feature 45
2025-11-05T20:53:15.927Z In(05) vcpu-0 CDROM: Emulate GET CONFIGURATION RT 2 starting feature 45
2025-11-05T20:53:15.927Z In(05) vcpu-0 CDROM: Emulate GET CONFIGURATION RT 2 starting feature 47
2025-11-05T20:53:15.927Z In(05) vcpu-0 CDROM: Emulate GET CONFIGURATION RT 2 starting feature 47
2025-11-05T20:53:15.927Z In(05) vcpu-0 CDROM: Emulate GET CONFIGURATION RT 2 starting feature 43
2025-11-05T20:53:15.928Z In(05) vcpu-0 CDROM: Emulate GET CONFIGURATION RT 2 starting feature 43
2025-11-05T20:53:15.928Z In(05) vcpu-0 CDROM: Emulate GET CONFIGURATION RT 2 starting feature 42
2025-11-05T20:53:15.928Z In(05) vcpu-0 CDROM: Emulate GET CONFIGURATION RT 2 starting feature 42
2025-11-05T20:53:15.928Z In(05) vcpu-0 CDROM: Emulate GET CONFIGURATION RT 2 starting feature 59
2025-11-05T20:53:15.928Z In(05) vcpu-0 CDROM: Emulate GET CONFIGURATION RT 2 starting feature 59
2025-11-05T20:53:15.928Z In(05) vcpu-0 CDROM: Emulate GET CONFIGURATION RT 2 starting feature 65
2025-11-05T20:53:15.928Z In(05) vcpu-0 CDROM: Emulate GET CONFIGURATION RT 2 starting feature 65
2025-11-05T20:53:15.928Z In(05) vcpu-0 CDROM: Emulate GET CONFIGURATION RT 2 starting feature 0
2025-11-05T20:53:15.928Z In(05) vcpu-1 CDROM: Emulate GET CONFIGURATION RT 2 starting feature 0
2025-11-05T20:53:15.928Z In(05) vcpu-1 CDROM: Emulate GET CONFIGURATION RT 2 starting feature 31
2025-11-05T20:53:15.928Z In(05) vcpu-1 CDROM: Emulate GET CONFIGURATION RT 2 starting feature 31
2025-11-05T20:53:15.928Z In(05) vcpu-0 CDROM: Emulate GET CONFIGURATION RT 2 starting feature 64
2025-11-05T20:53:15.928Z In(05) vcpu-0 CDROM: Emulate GET CONFIGURATION RT 2 starting feature 64
2025-11-05T20:53:15.929Z In(05) vcpu-0 CDROM: Emulate GET CONFIGURATION RT 2 starting feature 31
2025-11-05T20:53:15.929Z In(05) vcpu-0 CDROM: Emulate GET CONFIGURATION RT 2 starting feature 31
2025-11-05T20:53:15.929Z In(05) vcpu-0 CDROM: Emulate GET CONFIGURATION RT 2 starting feature 64
2025-11-05T20:53:15.929Z In(05) vcpu-0 CDROM: Emulate GET CONFIGURATION RT 2 starting feature 64
2025-11-05T20:53:15.929Z In(05) vcpu-0 CDROM: Emulate GET CONFIGURATION RT 2 starting feature 31
2025-11-05T20:53:15.929Z In(05) vcpu-0 CDROM: Emulate GET CONFIGURATION RT 2 starting feature 31
2025-11-05T20:53:15.929Z In(05) vcpu-0 CDROM: Emulate GET CONFIGURATION RT 2 starting feature 64
2025-11-05T20:53:15.929Z In(05) vcpu-0 CDROM: Emulate GET CONFIGURATION RT 2 starting feature 64
2025-11-05T20:53:15.929Z In(05) vcpu-0 CDROM sata0:1: CMD 0xad (*UNKNOWN (0xad)*) FAILED (key 0x5 asc 0x24 ascq 0)
2025-11-05T20:53:15.931Z In(05) vcpu-0 CDROM: Emulate GET CONFIGURATION RT 2 starting feature 31
2025-11-05T20:53:15.931Z In(05) vcpu-0 CDROM: Emulate GET CONFIGURATION RT 2 starting feature 31
2025-11-05T20:53:15.931Z In(05) vcpu-0 CDROM: Emulate GET CONFIGURATION RT 2 starting feature 64
2025-11-05T20:53:15.931Z In(05) vcpu-0 CDROM: Emulate GET CONFIGURATION RT 2 starting feature 64
2025-11-05T20:53:15.931Z In(05) vcpu-0 CDROM: Emulate GET CONFIGURATION RT 2 starting feature 31
2025-11-05T20:53:15.931Z In(05) vcpu-0 CDROM: Emulate GET CONFIGURATION RT 2 starting feature 31
2025-11-05T20:53:15.931Z In(05) vcpu-0 CDROM: Emulate GET CONFIGURATION RT 2 starting feature 64
2025-11-05T20:53:15.931Z In(05) vcpu-0 CDROM: Emulate GET CONFIGURATION RT 2 starting feature 64
2025-11-05T20:53:15.932Z In(05) vcpu-0 CDROM: Emulate GET CONFIGURATION RT 2 starting feature 31
2025-11-05T20:53:15.932Z In(05) vcpu-0 CDROM: Emulate GET CONFIGURATION RT 2 starting feature 31
2025-11-05T20:53:15.932Z In(05) vcpu-0 CDROM: Emulate GET CONFIGURATION RT 2 starting feature 64
2025-11-05T20:53:15.932Z In(05) vcpu-0 CDROM: Emulate GET CONFIGURATION RT 2 starting feature 64
2025-11-05T20:53:15.932Z In(05) vcpu-1 CDROM sata0:1: CMD 0xad (*UNKNOWN (0xad)*) FAILED (key 0x5 asc 0x24 ascq 0)
2025-11-05T20:53:15.933Z In(05) vcpu-1 CDROM: Emulate GET CONFIGURATION RT 2 starting feature 31
2025-11-05T20:53:15.933Z In(05) vcpu-1 CDROM: Emulate GET CONFIGURATION RT 2 starting feature 31
2025-11-05T20:53:15.933Z In(05) vcpu-0 CDROM: Emulate GET CONFIGURATION RT 2 starting feature 64
2025-11-05T20:53:15.933Z In(05) vcpu-0 CDROM: Emulate GET CONFIGURATION RT 2 starting feature 64
2025-11-05T20:53:15.933Z In(05) vcpu-0 CDROM: Emulate GET CONFIGURATION RT 2 starting feature 31
2025-11-05T20:53:15.933Z In(05) vcpu-0 CDROM: Emulate GET CONFIGURATION RT 2 starting feature 31
2025-11-05T20:53:15.933Z In(05) vcpu-0 CDROM: Emulate GET CONFIGURATION RT 2 starting feature 64
2025-11-05T20:53:15.933Z In(05) vcpu-0 CDROM: Emulate GET CONFIGURATION RT 2 starting feature 64
2025-11-05T20:53:15.933Z In(05) vcpu-0 CDROM: Emulate GET CONFIGURATION RT 2 starting feature 31
2025-11-05T20:53:15.934Z In(05) vcpu-0 CDROM: Emulate GET CONFIGURATION RT 2 starting feature 31
2025-11-05T20:53:15.934Z In(05) vcpu-0 CDROM: Emulate GET CONFIGURATION RT 2 starting feature 64
2025-11-05T20:53:15.934Z In(05) vcpu-0 CDROM: Emulate GET CONFIGURATION RT 2 starting feature 64
2025-11-05T20:53:15.934Z In(05) vcpu-0 CDROM sata0:1: CMD 0xad (*UNKNOWN (0xad)*) FAILED (key 0x5 asc 0x24 ascq 0)
2025-11-05T20:53:15.934Z In(05) vcpu-1 CDROM: Emulate GET CONFIGURATION RT 2 starting feature 31
2025-11-05T20:53:15.934Z In(05) vcpu-1 CDROM: Emulate GET CONFIGURATION RT 2 starting feature 31
2025-11-05T20:53:15.934Z In(05) vcpu-0 CDROM: Emulate GET CONFIGURATION RT 2 starting feature 64
2025-11-05T20:53:15.934Z In(05) vcpu-0 CDROM: Emulate GET CONFIGURATION RT 2 starting feature 64
2025-11-05T20:53:15.935Z In(05) vcpu-1 CDROM: Emulate GET CONFIGURATION RT 2 starting feature 31
2025-11-05T20:53:15.935Z In(05) vcpu-1 CDROM: Emulate GET CONFIGURATION RT 2 starting feature 31
2025-11-05T20:53:15.935Z In(05) vcpu-1 CDROM: Emulate GET CONFIGURATION RT 2 starting feature 64
2025-11-05T20:53:15.935Z In(05) vcpu-0 CDROM: Emulate GET CONFIGURATION RT 2 starting feature 64
2025-11-05T20:53:15.935Z In(05) vcpu-1 CDROM: Emulate GET CONFIGURATION RT 2 starting feature 31
2025-11-05T20:53:15.935Z In(05) vcpu-1 CDROM: Emulate GET CONFIGURATION RT 2 starting feature 31
2025-11-05T20:53:15.935Z In(05) vcpu-0 CDROM: Emulate GET CONFIGURATION RT 2 starting feature 64
2025-11-05T20:53:15.935Z In(05) vcpu-0 CDROM: Emulate GET CONFIGURATION RT 2 starting feature 64
2025-11-05T20:53:15.936Z In(05) vcpu-0 CDROM: Emulate GET CONFIGURATION RT 2 starting feature 0
2025-11-05T20:53:15.936Z In(05) vcpu-0 CDROM: Emulate GET CONFIGURATION RT 2 starting feature 0
2025-11-05T20:53:15.936Z In(05) vcpu-0 CDROM: Emulate GET CONFIGURATION RT 2 starting feature 45
2025-11-05T20:53:15.936Z In(05) vcpu-0 CDROM: Emulate GET CONFIGURATION RT 2 starting feature 45
2025-11-05T20:53:15.936Z In(05) vcpu-0 CDROM: Emulate GET CONFIGURATION RT 2 starting feature 47
2025-11-05T20:53:15.936Z In(05) vcpu-0 CDROM: Emulate GET CONFIGURATION RT 2 starting feature 47
2025-11-05T20:53:15.936Z In(05) vcpu-0 CDROM: Emulate GET CONFIGURATION RT 2 starting feature 43
2025-11-05T20:53:15.936Z In(05) vcpu-0 CDROM: Emulate GET CONFIGURATION RT 2 starting feature 43
2025-11-05T20:53:15.937Z In(05) vcpu-0 CDROM: Emulate GET CONFIGURATION RT 2 starting feature 42
2025-11-05T20:53:15.937Z In(05) vcpu-0 CDROM: Emulate GET CONFIGURATION RT 2 starting feature 42
2025-11-05T20:53:15.937Z In(05) vcpu-0 CDROM: Emulate GET CONFIGURATION RT 2 starting feature 59
2025-11-05T20:53:15.937Z In(05) vcpu-0 CDROM: Emulate GET CONFIGURATION RT 2 starting feature 59
2025-11-05T20:53:15.937Z In(05) vcpu-0 CDROM: Emulate GET CONFIGURATION RT 2 starting feature 65
2025-11-05T20:53:15.937Z In(05) vcpu-0 CDROM: Emulate GET CONFIGURATION RT 2 starting feature 65
2025-11-05T20:53:15.937Z In(05) vcpu-0 CDROM: Emulate GET CONFIGURATION RT 2 starting feature 0
2025-11-05T20:53:15.937Z In(05) vcpu-0 CDROM: Emulate GET CONFIGURATION RT 2 starting feature 0
2025-11-05T20:53:15.937Z In(05) vcpu-0 CDROM: Emulate GET CONFIGURATION RT 2 starting feature 33
2025-11-05T20:53:15.937Z In(05) vcpu-0 CDROM: Emulate GET CONFIGURATION RT 2 starting feature 33
2025-11-05T20:53:15.937Z In(05) vcpu-0 CDROM: Emulate GET CONFIGURATION RT 2 starting feature 32
2025-11-05T20:53:15.937Z In(05) vcpu-0 CDROM: Emulate GET CONFIGURATION RT 2 starting feature 32
2025-11-05T20:53:15.937Z In(05) vcpu-0 CDROM: Emulate GET CONFIGURATION RT 2 starting feature 38
2025-11-05T20:53:15.937Z In(05) vcpu-0 CDROM: Emulate GET CONFIGURATION RT 2 starting feature 38
2025-11-05T20:53:15.938Z In(05) vcpu-0 CDROM: Emulate GET CONFIGURATION RT 2 starting feature 45
2025-11-05T20:53:15.938Z In(05) vcpu-0 CDROM: Emulate GET CONFIGURATION RT 2 starting feature 45
2025-11-05T20:53:15.938Z In(05) vcpu-0 CDROM: Emulate GET CONFIGURATION RT 2 starting feature 44
2025-11-05T20:53:15.938Z In(05) vcpu-0 CDROM: Emulate GET CONFIGURATION RT 2 starting feature 44
2025-11-05T20:53:15.938Z In(05) vcpu-0 CDROM: Emulate GET CONFIGURATION RT 2 starting feature 47
2025-11-05T20:53:15.938Z In(05) vcpu-0 CDROM: Emulate GET CONFIGURATION RT 2 starting feature 47
2025-11-05T20:53:15.938Z In(05) vcpu-0 CDROM: Emulate GET CONFIGURATION RT 2 starting feature 65
2025-11-05T20:53:15.938Z In(05) vcpu-0 CDROM: Emulate GET CONFIGURATION RT 2 starting feature 65
2025-11-05T20:53:15.938Z In(05) vcpu-0 CDROM: Emulate GET CONFIGURATION RT 2 starting feature 42
2025-11-05T20:53:15.938Z In(05) vcpu-0 CDROM: Emulate GET CONFIGURATION RT 2 starting feature 42
2025-11-05T20:53:15.938Z In(05) vcpu-0 CDROM: Emulate GET CONFIGURATION RT 2 starting feature 33
2025-11-05T20:53:15.938Z In(05) vcpu-0 CDROM: Emulate GET CONFIGURATION RT 2 starting feature 33
2025-11-05T20:53:15.939Z In(05) vcpu-0 CDROM: Emulate GET CONFIGURATION RT 2 starting feature 32
2025-11-05T20:53:15.939Z In(05) vcpu-1 CDROM: Emulate GET CONFIGURATION RT 2 starting feature 32
2025-11-05T20:53:15.939Z In(05) vcpu-1 CDROM: Emulate GET CONFIGURATION RT 2 starting feature 38
2025-11-05T20:53:15.939Z In(05) vcpu-1 CDROM: Emulate GET CONFIGURATION RT 2 starting feature 38
2025-11-05T20:53:15.939Z In(05) vcpu-0 CDROM: Emulate GET CONFIGURATION RT 2 starting feature 45
2025-11-05T20:53:15.939Z In(05) vcpu-0 CDROM: Emulate GET CONFIGURATION RT 2 starting feature 45
2025-11-05T20:53:15.940Z In(05) vcpu-0 CDROM: Emulate GET CONFIGURATION RT 2 starting feature 44
2025-11-05T20:53:15.940Z In(05) vcpu-0 CDROM: Emulate GET CONFIGURATION RT 2 starting feature 44
2025-11-05T20:53:15.940Z In(05) vcpu-0 CDROM: Emulate GET CONFIGURATION RT 2 starting feature 47
2025-11-05T20:53:15.940Z In(05) vcpu-0 CDROM: Emulate GET CONFIGURATION RT 2 starting feature 47
2025-11-05T20:53:15.940Z In(05) vcpu-0 CDROM: Emulate GET CONFIGURATION RT 2 starting feature 65
2025-11-05T20:53:15.940Z In(05) vcpu-0 CDROM: Emulate GET CONFIGURATION RT 2 starting feature 65
2025-11-05T20:53:15.940Z In(05) vcpu-0 CDROM: Emulate GET CONFIGURATION RT 2 starting feature 42
2025-11-05T20:53:15.940Z In(05) vcpu-0 CDROM: Emulate GET CONFIGURATION RT 2 starting feature 42
2025-11-05T20:53:25.947Z In(05) vmx GuestRpc: Got RPCI vsocket connection 14, assigned to channel 1.
2025-11-05T20:53:27.699Z In(05) vmx GuestRpcSendTimedOut: message to toolbox-dnd timed out.
2025-11-05T20:53:36.286Z In(05) vmx Guest: toolbox-dnd: Version: 12.5.3.52671 (build-24819442)
2025-11-05T20:53:36.287Z Wa(03) vcpu-1 GuestRpc: application toolbox-dnd, changing channel 65535 -> 1
2025-11-05T20:53:36.287Z In(05) vcpu-1 GuestRpc: Channel 1, guest application toolbox-dnd.
2025-11-05T20:53:36.287Z In(05) vcpu-1 TOOLS: appName=toolbox-dnd, oldStatus=0, status=1, guestInitiated=0.
2025-11-05T20:53:36.288Z In(05) vcpu-1 TOOLS call to unity.show.taskbar failed.
2025-11-05T20:53:36.288Z In(05) vmx DnDCP: set guest controllers to version 4
2025-11-05T20:53:36.292Z In(05) vmx DnDCP: set guest controllers to version 4
2025-11-05T20:53:36.292Z In(05) vmx DnDCP: set guest controllers to version 4
2025-11-05T20:53:36.595Z In(05) vmx DnDCP: set guest controllers to version 4
2025-11-05T20:54:06.151Z In(05) vmx CPClipboard_SetItem: Set CPClipboard struct with data of size:66, format:1.
2025-11-05T20:56:01.618Z In(05) vmx CPClipboard_SetItem: Set CPClipboard struct with data of size:24, format:1.
2025-11-05T20:57:59.240Z In(05) vmx CPClipboard_SetItem: Set CPClipboard struct with data of size:66, format:1.
2025-11-05T20:58:47.146Z In(05) vmx CPClipboard_SetItem: Set CPClipboard struct with data of size:1250, format:1.
2025-11-05T20:58:56.742Z In(05) vmx CPClipboard_SetItem: Set CPClipboard struct with data of size:1, format:1.
2025-11-05T20:59:03.958Z In(05) vmx CPClipboard_SetItem: Set CPClipboard struct with data of size:1250, format:1.
2025-11-05T21:00:09.738Z In(05) vmx CPClipboard_SetItem: Set CPClipboard struct with data of size:32, format:1.
2025-11-05T21:00:19.500Z In(05) vmx CPClipboard_SetItem: Set CPClipboard struct with data of size:1, format:1.
2025-11-05T21:00:23.560Z In(05) vmx CPClipboard_SetItem: Set CPClipboard struct with data of size:32, format:1.
2025-11-05T21:00:27.459Z In(05) vmx CPClipboard_SetItem: Set CPClipboard struct with data of size:1, format:1.
2025-11-05T21:00:31.952Z In(05) vmx CPClipboard_SetItem: Set CPClipboard struct with data of size:32, format:1.
2025-11-05T21:01:11.504Z In(05) vmx CPClipboard_SetItem: Set CPClipboard struct with data of size:20, format:1.
2025-11-05T21:01:18.991Z In(05) vmx CPClipboard_SetItem: Set CPClipboard struct with data of size:1, format:1.
2025-11-05T21:01:22.986Z In(05) vmx CPClipboard_SetItem: Set CPClipboard struct with data of size:20, format:1.
2025-11-05T21:01:26.790Z In(05) vmx CPClipboard_SetItem: Set CPClipboard struct with data of size:1, format:1.
2025-11-05T21:01:30.163Z In(05) vmx CPClipboard_SetItem: Set CPClipboard struct with data of size:20, format:1.
2025-11-05T21:02:30.245Z In(05) vmx CPClipboard_SetItem: Set CPClipboard struct with data of size:17, format:1.
2025-11-05T21:02:35.100Z In(05) vmx CPClipboard_SetItem: Set CPClipboard struct with data of size:1, format:1.
2025-11-05T21:02:40.028Z In(05) vmx CPClipboard_SetItem: Set CPClipboard struct with data of size:17, format:1.
2025-11-05T21:02:44.841Z In(05) vmx CPClipboard_SetItem: Set CPClipboard struct with data of size:1, format:1.
2025-11-05T21:02:49.095Z In(05) vmx CPClipboard_SetItem: Set CPClipboard struct with data of size:17, format:1.
2025-11-05T21:02:54.121Z In(05) vmx CPClipboard_SetItem: Set CPClipboard struct with data of size:1, format:1.
2025-11-05T21:03:09.352Z In(05) vmx CPClipboard_SetItem: Set CPClipboard struct with data of size:17, format:1.
2025-11-05T21:03:15.694Z In(05) vcpu-0 VMCIDatagram: Destination resource 13 unsupported.
2025-11-05T21:03:15.694Z In(05) vcpu-0 VMCIDatagram: Destination resource 13 unsupported.
2025-11-05T21:06:16.350Z In(05) vmx CPClipboard_SetItem: Set CPClipboard struct with data of size:23, format:1.
2025-11-05T21:06:29.366Z In(05) vmx CPClipboard_SetItem: Set CPClipboard struct with data of size:1, format:1.
2025-11-05T21:06:32.923Z In(05) vmx CPClipboard_SetItem: Set CPClipboard struct with data of size:23, format:1.
2025-11-05T21:06:55.672Z In(05) vmx CPClipboard_SetItem: Set CPClipboard struct with data of size:6607, format:1.
2025-11-05T21:07:04.079Z In(05) vmx CPClipboard_SetItem: Set CPClipboard struct with data of size:23, format:1.
2025-11-05T21:07:15.763Z In(05) vmx CPClipboard_SetItem: Set CPClipboard struct with data of size:1, format:1.
2025-11-05T21:07:21.059Z In(05) vmx CPClipboard_SetItem: Set CPClipboard struct with data of size:23, format:1.
2025-11-05T21:10:09.992Z In(05) vmx CPClipboard_SetItem: Set CPClipboard struct with data of size:23, format:1.
2025-11-05T21:10:14.481Z In(05) vmx CPClipboard_SetItem: Set CPClipboard struct with data of size:1, format:1.
2025-11-05T21:10:18.689Z In(05) vmx CPClipboard_SetItem: Set CPClipboard struct with data of size:23, format:1.
2025-11-05T21:10:34.748Z In(05) vmx CPClipboard_SetItem: Set CPClipboard struct with data of size:309, format:1.
2025-11-05T21:11:34.975Z In(05) vmx CPClipboard_SetItem: Set CPClipboard struct with data of size:84, format:1.
2025-11-05T21:11:44.655Z In(05) vmx CPClipboard_SetItem: Set CPClipboard struct with data of size:1, format:1.
2025-11-05T21:11:49.524Z In(05) vmx CPClipboard_SetItem: Set CPClipboard struct with data of size:84, format:1.
2025-11-05T21:12:16.064Z In(05) vmx CPClipboard_SetItem: Set CPClipboard struct with data of size:42, format:1.
2025-11-05T21:12:28.175Z In(05) vmx CPClipboard_SetItem: Set CPClipboard struct with data of size:42, format:1.
2025-11-05T21:12:35.742Z In(05) vmx CPClipboard_SetItem: Set CPClipboard struct with data of size:1, format:1.
2025-11-05T21:12:41.832Z In(05) vmx CPClipboard_SetItem: Set CPClipboard struct with data of size:42, format:1.
2025-11-05T21:12:56.880Z In(05) vmx CPClipboard_SetItem: Set CPClipboard struct with data of size:23, format:1.
2025-11-05T21:13:23.379Z In(05) vmx CPClipboard_SetItem: Set CPClipboard struct with data of size:21, format:1.
2025-11-05T21:13:32.990Z In(05) vmx CPClipboard_SetItem: Set CPClipboard struct with data of size:1, format:1.
2025-11-05T21:13:40.737Z In(05) vmx CPClipboard_SetItem: Set CPClipboard struct with data of size:21, format:1.
2025-11-05T21:13:45.766Z In(05) vmx CPClipboard_SetItem: Set CPClipboard struct with data of size:1, format:1.
2025-11-05T21:13:52.057Z In(05) vmx CPClipboard_SetItem: Set CPClipboard struct with data of size:21, format:1.
2025-11-05T21:15:31.867Z In(05) vmx DISKLIB-LIB   : numIOs = 450000 numMergedIOs = 69634 numSplitIOs = 11574
2025-11-05T21:16:33.312Z In(05) vmx MemSched: caller 1 numvm 2 locked pages: num 944663 max 3323928
2025-11-05T21:16:33.312Z In(05) vmx MemSched: locked Page Limit: host 3340312 config 3459328
2025-11-05T21:16:33.312Z In(05) vmx MemSched: minmempct 50  timestamp 243998
2025-11-05T21:16:33.312Z In(05) vmx MemSched: VM 0 min 305065 max 567209 shares 524288 paged 608407 nonpaged 34881 anonymous 8040 locked 421162 touchedPct 11 dirtiedPct 0 timestamp 243997 vmResponsive is 1
2025-11-05T21:16:33.312Z In(05) vmx MemSched: VM 1 min 301843 max 563987 shares 524288 paged 608922 nonpaged 35366 anonymous 4333 locked 523501 touchedPct 30 dirtiedPct 6 timestamp 243998 vmResponsive is 1
2025-11-05T21:16:33.312Z In(05) vmx MemSched: locked 523501 target 563987 balloon 0 0 314573 swapped 7003 0 allocd 3 512 state 0 100
2025-11-05T21:16:33.312Z In(05) vmx MemSched: states: 0 5401 : 1 0 : 2 0 : 3 0
2025-11-05T21:16:33.312Z In(05) vmx MemSched: Balloon enabled 1 guestType 4 maxSize 0
2025-11-05T21:20:47.785Z In(05) vmx CPClipboard_SetItem: Set CPClipboard struct with data of size:49, format:1.
2025-11-05T21:20:57.529Z In(05) vmx DnDCP: set guest controllers to version 4
2025-11-05T21:20:57.529Z In(05) vmx DnDCP: set guest controllers to version 4
2025-11-05T21:20:57.549Z In(05) vmx GuestRpc: Got error for channel 1 connection 14: Remote disconnected
2025-11-05T21:20:57.549Z In(05) vmx GuestRpc: GuestRpcResetVsockChannel: channel 1
2025-11-05T21:20:57.549Z In(05) vmx GuestRpc: Closing channel 1 connection 14
2025-11-05T21:20:57.549Z In(05) vcpu-1 GuestRpc: Reinitializing Channel 1(toolbox-dnd)
2025-11-05T21:20:57.549Z In(05) vcpu-1 TOOLS: appName=toolbox-dnd, oldStatus=1, status=0, guestInitiated=1.
2025-11-05T21:20:57.972Z In(05) vcpu-1 VMCIDatagram: Destination resource 13 unsupported.
2025-11-05T21:20:57.972Z In(05) vcpu-1 VMCIDatagram: Destination resource 13 unsupported.
2025-11-05T21:20:58.081Z In(05) vmx TOOLS autoupgrade protocol version 0
2025-11-05T21:20:58.106Z In(05) vcpu-1 GuestRpc: Reinitializing Channel 0(toolbox)
2025-11-05T21:20:58.106Z In(05) vcpu-1 Tools: [AppStatus] Last heartbeat value 1754 (last received 0s ago)
2025-11-05T21:20:58.106Z In(05) vcpu-1 TOOLS: appName=toolbox, oldStatus=1, status=0, guestInitiated=1.
2025-11-05T21:20:58.110Z In(05) vmx GuestRpc: Got error for channel 0 connection 12: Remote disconnected
2025-11-05T21:20:58.110Z In(05) vmx GuestRpc: GuestRpcResetVsockChannel: channel 0
2025-11-05T21:20:58.110Z In(05) vmx GuestRpc: Closing channel 0 connection 12
2025-11-05T21:21:03.522Z In(05) vcpu-1 CDROM: Unknown command 0x35.
2025-11-05T21:21:03.522Z In(05) vcpu-1 CDROM sata0:1: CMD 0x35 (SYNC CACHE) FAILED (key 0x5 asc 0x20 ascq 0)
2025-11-05T21:21:03.581Z In(05) vcpu-0 CDROM-IMG:  Ignoring a Unit Start or Stop
2025-11-05T21:21:05.580Z In(05) vcpu-1 PCIXHCI: Interrupt type changed from MSIX to INTX
2025-11-05T21:21:05.767Z In(05) vcpu-0 PIIX4: PM Soft Off.  Good-bye.
2025-11-05T21:21:05.767Z In(05) vcpu-0 Chipset: The guest has requested that the virtual machine be powered off.
2025-11-05T21:21:05.767Z No(00) vcpu-0 ConfigDB: Setting softPowerOff = "TRUE"
2025-11-05T21:21:05.784Z In(05) vcpu-0 VMX: Issuing power-off request...
2025-11-05T21:21:05.784Z In(05) vmx Stopping VCPU threads...
2025-11-05T21:21:05.785Z In(05) vmx Stopping MKS/SVGA threads
2025-11-05T21:21:05.785Z In(05) vmx MKSThread: Requesting MKS exit
2025-11-05T21:21:05.785Z In(05) svga MKSThread: SVGA thread is exiting the main loop
2025-11-05T21:21:05.787Z In(05) svga SWBScreen: Screen 1 Destroyed: xywh(0, 0, 1657, 878) flags=0x2
2025-11-05T21:21:05.787Z In(05) mks SWBWindow: Window 0 Destroyed: src screenId=-1, src xywh(0, 0, 1657, 878) dest xywh(0, 0, 1657, 878) pixelScale=1, flags=0x7
2025-11-05T21:21:05.789Z In(05) mks SWBWindow: Number of MKSWindows changed: 0 rendering MKSWindow(s) of total 1.
2025-11-05T21:21:05.789Z In(05) mks SWBWindow: Window 1 Destroyed: src screenId=-1, src xywh(0, 0, 1657, 878) dest xywh(0, 0, 1657, 878) pixelScale=1, flags=0x8
2025-11-05T21:21:05.789Z In(05) mks MKS-HWinMux: Backend Switch Queued
2025-11-05T21:21:05.789Z In(05) mks SWBWindow: Number of MKSWindows changed: 0 rendering MKSWindow(s) of total 0.
2025-11-05T21:21:05.793Z In(05) vmx MKS/SVGA threads are stopped
2025-11-05T21:21:05.793Z In(05) vmx USB: DevID(200000050e0f0003): Disconnecting device.
2025-11-05T21:21:05.795Z In(05) vmx 
2025-11-05T21:21:05.795Z In(05)+ vmx OvhdMem: Final (Power Off) Overheads
2025-11-05T21:21:05.795Z In(05) vmx                                                       reserved      |          used
2025-11-05T21:21:05.795Z In(05) vmx OvhdMem excluded                                  cur    max    avg |    cur    max    avg
2025-11-05T21:21:05.795Z In(05) vmx OvhdMem OvhdUser_MainMem                    :  524288 524288      - | 518702 524076      -
2025-11-05T21:21:05.795Z In(05) vmx OvhdMem OvhdUser_VmxText                    :    7936   7936      - |      0      0      -
2025-11-05T21:21:05.795Z In(05) vmx OvhdMem OvhdUser_VmxTextLibs                :   17408  17408      - |      0      0      -
2025-11-05T21:21:05.795Z In(05) vmx OvhdMem Total excluded                      :  549632 549632      - |      -      -      -
2025-11-05T21:21:05.795Z In(05) vmx OvhdMem Actual maximum                      :         549632        |             -
2025-11-05T21:21:05.795Z In(05)+ vmx 
2025-11-05T21:21:05.795Z In(05) vmx                                                       reserved      |          used
2025-11-05T21:21:05.795Z In(05) vmx OvhdMem paged                                     cur    max    avg |    cur    max    avg
2025-11-05T21:21:05.795Z In(05) vmx OvhdMem OvhdUser_STATS_vmm                  :       4      4      - |      0      0      -
2025-11-05T21:21:05.795Z In(05) vmx OvhdMem OvhdUser_STATS_device               :       2      2      - |      0      0      -
2025-11-05T21:21:05.795Z In(05) vmx OvhdMem OvhdUser_SvgaMobFallback            :  196608 196608      - |      0      0      -
2025-11-05T21:21:05.795Z In(05) vmx OvhdMem OvhdUser_DiskLibMemUsed             :    3075   3075      - |      0      0      -
2025-11-05T21:21:05.795Z In(05) vmx OvhdMem OvhdUser_SvgaSurfaceTable           :       6      6      - |      1      1      -
2025-11-05T21:21:05.795Z In(05) vmx OvhdMem OvhdUser_SvgaSDirtyCache            :      96     96      - |      0      0      -
2025-11-05T21:21:05.795Z In(05) vmx OvhdMem OvhdUser_SvgaCursor                 :      10     10      - |     10     10      -
2025-11-05T21:21:05.795Z In(05) vmx OvhdMem OvhdUser_SvgaPPNList                :     258    258      - |      0      0      -
2025-11-05T21:21:05.795Z In(05) vmx OvhdMem OvhdUser_VmxGlobals                 :   10240  10240      - |      0      0      -
2025-11-05T21:21:05.795Z In(05) vmx OvhdMem OvhdUser_VmxGlobalsLibs             :    3584   3584      - |      0      0      -
2025-11-05T21:21:05.795Z In(05) vmx OvhdMem OvhdUser_VmxHeap                    :    8704   8704      - |      0      0      -
2025-11-05T21:21:05.795Z In(05) vmx OvhdMem OvhdUser_VmxMks                     :      49     49      - |     17     17      -
2025-11-05T21:21:05.795Z In(05) vmx OvhdMem OvhdUser_VmxMksRenderOps            :     678    678      - |    492    492      -
2025-11-05T21:21:05.795Z In(05) vmx OvhdMem OvhdUser_VmxMks3d                   :   65537  65537      - |      0   1421      -
2025-11-05T21:21:05.795Z In(05) vmx OvhdMem OvhdUser_VmxMksScreenTemp           :   69890  69890      - |      0    187      -
2025-11-05T21:21:05.795Z In(05) vmx OvhdMem OvhdUser_VmxMksVnc                  :   74936  74936      - |      0      0      -
2025-11-05T21:21:05.795Z In(05) vmx OvhdMem OvhdUser_VmxMksScreen               :  131075 131075      - |      0    769      -
2025-11-05T21:21:05.795Z In(05) vmx OvhdMem OvhdUser_VmxMksSVGAVO               :    4096   4096      - |      0      0      -
2025-11-05T21:21:05.795Z In(05) vmx OvhdMem OvhdUser_VmxMksSwbCursor            :    4096   4096      - |      0      0      -
2025-11-05T21:21:05.795Z In(05) vmx OvhdMem OvhdUser_VmxPhysMemErrPages         :      10     10      - |      0      0      -
2025-11-05T21:21:05.795Z In(05) vmx OvhdMem OvhdUser_VmxSLEntryBuf              :     128    128      - |      0      0      -
2025-11-05T21:21:05.795Z In(05) vmx OvhdMem OvhdUser_VmxThreads                 :   35840  35840      - |      0      0      -
2025-11-05T21:21:05.795Z In(05) vmx OvhdMem Total paged                         :  608922 608922      - |    520   2897      -
2025-11-05T21:21:05.795Z In(05) vmx OvhdMem Actual maximum                      :         608922        |        608922
2025-11-05T21:21:05.795Z In(05)+ vmx 
2025-11-05T21:21:05.795Z In(05) vmx                                                       reserved      |          used
2025-11-05T21:21:05.795Z In(05) vmx OvhdMem nonpaged                                  cur    max    avg |    cur    max    avg
2025-11-05T21:21:05.795Z In(05) vmx OvhdMem OvhdUser_SharedArea                 :     155    155      - |    136    136      -
2025-11-05T21:21:05.795Z In(05) vmx OvhdMem OvhdUser_BusMemTraceBitmap          :      22     22      - |      0      0      -
2025-11-05T21:21:05.795Z In(05) vmx OvhdMem OvhdUser_PFrame                     :    1275   2304      - |   1275   1275      -
2025-11-05T21:21:05.795Z In(05) vmx OvhdMem OvhdUser_VIDE_KSEG                  :      16     16      - |     16     16      -
2025-11-05T21:21:05.795Z In(05) vmx OvhdMem OvhdUser_VGA                        :      64     64      - |     64     64      -
2025-11-05T21:21:05.796Z In(05) vmx OvhdMem OvhdUser_BalloonMPN                 :       1      1      - |      1      1      -
2025-11-05T21:21:05.796Z In(05) vmx OvhdMem OvhdUser_P2MUpdateBuffer            :       3      3      - |      0      0      -
2025-11-05T21:21:05.796Z In(05) vmx OvhdMem OvhdUser_ServicesMPN                :       3      3      - |      2      2      -
2025-11-05T21:21:05.796Z In(05) vmx OvhdMem OvhdUser_LocalApic                  :       2      2      - |      2      2      -
2025-11-05T21:21:05.796Z In(05) vmx OvhdMem OvhdUser_VBIOS                      :       8      8      - |      8      8      -
2025-11-05T21:21:05.796Z In(05) vmx OvhdMem OvhdUser_SBIOS                      :      16     16      - |      0      0      -
2025-11-05T21:21:05.796Z In(05) vmx OvhdMem OvhdUser_AHCIBIOS                   :      16     16      - |      2      2      -
2025-11-05T21:21:05.796Z In(05) vmx OvhdMem OvhdUser_AHCIREGS                   :       1      1      - |      1      1      -
2025-11-05T21:21:05.796Z In(05) vmx OvhdMem OvhdUser_NVMEBIOS                   :       2      2      - |      2      2      -
2025-11-05T21:21:05.796Z In(05) vmx OvhdMem OvhdUser_FlashRam                   :     512   4096      - |    447    447      -
2025-11-05T21:21:05.796Z In(05) vmx OvhdMem OvhdUser_SVGAFB                     :   32768  32768      - |    768    768      -
2025-11-05T21:21:05.796Z In(05) vmx OvhdMem OvhdUser_SVGAMEM                    :      64    512      - |      1      1      -
2025-11-05T21:21:05.796Z In(05) vmx OvhdMem OvhdUser_HDAudioReg                 :       3      3      - |      0      0      -
2025-11-05T21:21:05.796Z In(05) vmx OvhdMem OvhdUser_EHCIRegister               :       1      1      - |      1      1      -
2025-11-05T21:21:05.796Z In(05) vmx OvhdMem OvhdUser_XhciRegister               :       1      1      - |      0      0      -
2025-11-05T21:21:05.796Z In(05) vmx OvhdMem OvhdUser_HyperV                     :       2      2      - |      2      2      -
2025-11-05T21:21:05.796Z In(05) vmx OvhdMem OvhdUser_ExtCfg                     :       4      4      - |      3      3      -
2025-11-05T21:21:05.796Z In(05) vmx OvhdMem OvhdUser_vhvCachedVMCS              :       2      2      - |      0      0      -
2025-11-05T21:21:05.796Z In(05) vmx OvhdMem OvhdUser_vhvNestedAPIC              :       2      2      - |      0      0      -
2025-11-05T21:21:05.796Z In(05) vmx OvhdMem OvhdUser_LBR                        :       2      2      - |      0      0      -
2025-11-05T21:21:05.796Z In(05) vmx OvhdMem OvhdUser_MonWired                   :      53     53      - |     53     53      -
2025-11-05T21:21:05.796Z In(05) vmx OvhdMem OvhdUser_MonNuma                    :     297    297      - |      0      0      -
2025-11-05T21:21:05.796Z In(05) vmx OvhdMem OvhdUser_NVDC                       :       1      1      - |      0      0      -
2025-11-05T21:21:05.796Z In(05) vmx OvhdMem OvhdUser_PCIeMMIOArea               :      70     70      - |     36     36      -
2025-11-05T21:21:05.796Z In(05) vmx OvhdMem Total nonpaged                      :   35366  40427      - |   2820   2820      -
2025-11-05T21:21:05.796Z In(05) vmx OvhdMem Actual maximum                      :          35366        |         40427
2025-11-05T21:21:05.796Z In(05)+ vmx 
2025-11-05T21:21:05.796Z In(05) vmx                                                       reserved      |          used
2025-11-05T21:21:05.796Z In(05) vmx OvhdMem anonymous                                 cur    max    avg |    cur    max    avg
2025-11-05T21:21:05.796Z In(05) vmx OvhdMem OvhdMon_Alloc                       :     196    196      - |     67    139      -
2025-11-05T21:21:05.796Z In(05) vmx OvhdMem OvhdMon_BusMemFrame                 :     609    666      - |    609    609      -
2025-11-05T21:21:05.796Z In(05) vmx OvhdMem OvhdMon_BusMem2MInfo                :       8      8      - |      8      8      -
2025-11-05T21:21:05.796Z In(05) vmx OvhdMem OvhdMon_BusMem1GInfo                :       1      1      - |      1      1      -
2025-11-05T21:21:05.796Z In(05) vmx OvhdMem OvhdMon_BusMemZapListMPN            :       1      1      - |      1      1      -
2025-11-05T21:21:05.796Z In(05) vmx OvhdMem OvhdMon_BusMemPreval                :       8      8      - |      0      0      -
2025-11-05T21:21:05.796Z In(05) vmx OvhdMem OvhdMon_MonAS                       :       2      2      - |      1      1      -
2025-11-05T21:21:05.796Z In(05) vmx OvhdMem OvhdMon_GuestMem                    :      80     80      - |     60     60      -
2025-11-05T21:21:05.796Z In(05) vmx OvhdMem OvhdMon_TC                          :    1026   1026      - |    908    908      -
2025-11-05T21:21:05.796Z In(05) vmx OvhdMem OvhdMon_BusMemMonAS                 :       5      5      - |      5      5      -
2025-11-05T21:21:05.796Z In(05) vmx OvhdMem OvhdMon_PlatformMonAS               :       7      7      - |      4      4      -
2025-11-05T21:21:05.796Z In(05) vmx OvhdMem OvhdMon_HVNuma                      :       4      4      - |      0      0      -
2025-11-05T21:21:05.796Z In(05) vmx OvhdMem OvhdMon_HV                          :       2      2      - |      2      2      -
2025-11-05T21:21:05.796Z In(05) vmx OvhdMem OvhdMon_HVMSRBitmap                 :       1      1      - |      0      0      -
2025-11-05T21:21:05.796Z In(05) vmx OvhdMem OvhdMon_VHVGuestMSRBitmap           :       2      2      - |      0      0      -
2025-11-05T21:21:05.796Z In(05) vmx OvhdMem OvhdMon_VHV                         :       6      6      - |      0      0      -
2025-11-05T21:21:05.796Z In(05) vmx OvhdMem OvhdMon_Numa                        :      30     30      - |     14     28      -
2025-11-05T21:21:05.796Z In(05) vmx OvhdMem OvhdMon_NumaTextRodata              :     199    382      - |    183    366      -
2025-11-05T21:21:05.796Z In(05) vmx OvhdMem OvhdMon_NumaDataBss                 :      98     98      - |     98     98      -
2025-11-05T21:21:05.796Z In(05) vmx OvhdMem OvhdMon_NumaLargeData               :       0    512      - |      0      0      -
2025-11-05T21:21:05.796Z In(05) vmx OvhdMem OvhdMon_BaseWired                   :      56     58      - |     46     46      -
2025-11-05T21:21:05.796Z In(05) vmx OvhdMem OvhdMon_Bootstrap                   :       0   2303      - |      0    338      -
2025-11-05T21:21:05.796Z In(05) vmx OvhdMem OvhdMon_GPhysTraced                 :     270    270      - |    258    267      -
2025-11-05T21:21:05.796Z In(05) vmx OvhdMem OvhdMon_GPhysHWMMU                  :    1344   1344      - |   1166   1169      -
2025-11-05T21:21:05.796Z In(05) vmx OvhdMem OvhdMon_GPhysNoTrace                :     266    266      - |     71     73      -
2025-11-05T21:21:05.796Z In(05) vmx OvhdMem OvhdMon_PhysMemGart                 :     104    104      - |     96     96      -
2025-11-05T21:21:05.796Z In(05) vmx OvhdMem OvhdMon_PhysMemErr                  :       7      7      - |      0      0      -
2025-11-05T21:21:05.796Z In(05) vmx OvhdMem OvhdMon_VProbe                      :       1      1      - |      0      0      -
2025-11-05T21:21:05.796Z In(05) vmx OvhdMem Total anonymous                     :    4333   7390      - |   3598   4219      -
2025-11-05T21:21:05.796Z In(05) vmx OvhdMem Actual maximum                      :           4333        |          6695
2025-11-05T21:21:05.796Z In(05)+ vmx 
2025-11-05T21:21:05.796Z In(05) vmx VMMEM: Maximum Reservation: 2565MB (MainMem=2048MB)
2025-11-05T21:21:05.796Z In(05) vmx MemSched: BALLOON HIST [0, 524288]: 5672 5672 0 0 0 0 0 0 0 0 0 0
2025-11-05T21:21:05.796Z In(05) vmx MemSched: BALLOON P50 1 P70 1 P90 1 MIN 0 MAX 0
2025-11-05T21:21:05.796Z In(05) vmx MemSched: SWAP HIST [0, 524288]: 8 5672 0 0 0 0 0 0 0 0 0 0
2025-11-05T21:21:05.796Z In(05) vmx MemSched: SWAP P50 10 P70 10 P90 10 MIN 0 MAX 23719
2025-11-05T21:21:05.796Z In(05) vmx MemSched: LOCK HIST [0, 524288]: 0 4 1 0 1 1 0 1 1 1 5662 3721
2025-11-05T21:21:05.796Z In(05) vmx MemSched: LOCK P50 100 P70 100 P90 100 MIN 1622 MAX 530513
2025-11-05T21:21:05.796Z In(05) vmx MemSched: LOCK_TARGET HIST [0, 524288]: 0 0 0 0 0 0 0 0 0 0 5672 5672
2025-11-05T21:21:05.796Z In(05) vmx MemSched: LOCK_TARGET P50 100 P70 100 P90 100 MIN 524288 MAX 570962
2025-11-05T21:21:05.796Z In(05) vmx MemSched: ACTIVE_PCT HIST [0, 100]: 0 0 634 766 1402 618 705 272 321 353 601 0
2025-11-05T21:21:05.796Z In(05) vmx MemSched: ACTIVE_PCT P50 50 P70 60 P90 100 MIN 12 MAX 99
2025-11-05T21:21:05.796Z In(05) vmx MemSched: NUM_VMS HIST [0, 10]: 0 0 0 5672 0 0 0 0 0 0 0 0
2025-11-05T21:21:05.796Z In(05) vmx MemSched: NUM_VMS P50 30 P70 30 P90 30 MIN 2 MAX 2
2025-11-05T21:21:05.796Z In(05) vmx MemSched: HOSTLOCK HIST [0, 3442944]: 0 5 4 5663 0 0 0 0 0 0 0 0
2025-11-05T21:21:05.796Z In(05) vmx MemSched: HOSTLOCK P50 30 P70 30 P90 30 MIN 238918 MAX 979267
2025-11-05T21:21:05.796Z In(05) vmx TOOLS received request in VMX to set option 'enableDnD' -> '0'
2025-11-05T21:21:05.797Z In(05) vmx GuestRpc: Attempt to send TCLO msg for 'toolbox' while GuestRpc is powering off.
2025-11-05T21:21:05.797Z In(05) vmx GuestRpc: Attempt to send TCLO msg for 'toolbox-dnd' while GuestRpc is powering off.
2025-11-05T21:21:05.797Z In(05) vmx TOOLS received request in VMX to set option 'copypaste' -> '0'
2025-11-05T21:21:05.797Z In(05) vmx GuestRpc: Attempt to send TCLO msg for 'toolbox' while GuestRpc is powering off.
2025-11-05T21:21:05.797Z In(05) vmx GuestRpc: Attempt to send TCLO msg for 'toolbox-dnd' while GuestRpc is powering off.
2025-11-05T21:21:05.798Z In(05) vmx HgfsServerManagerVigorExit: Destroy:
2025-11-05T21:21:05.798Z No(00) vmx ConfigDB: Setting tools.remindInstall = "FALSE"
2025-11-05T21:21:05.812Z In(05) vmx Tools: ToolsRunningStatus_Exit, delayedRequest is 0x0
2025-11-05T21:21:05.812Z In(05) vmx Tools: Changing running status: 1 => 0.
2025-11-05T21:21:05.812Z In(05) vmx Tools: [RunningStatus] Last heartbeat value 1755 (last received 7s ago)
2025-11-05T21:21:05.813Z In(05) vmx Tools: [AppStatus] Last heartbeat value 1755 (last received 7s ago)
2025-11-05T21:21:05.813Z In(05) vmx TOOLS: appName=toolbox, oldStatus=0, status=0, guestInitiated=0.
2025-11-05T21:21:05.813Z In(05) vmx TOOLS: appName=toolbox-dnd, oldStatus=0, status=0, guestInitiated=0.
2025-11-05T21:21:05.817Z In(05) vmx SOUNDLIB: Closing Wave sound backend.
2025-11-05T21:21:05.844Z In(05) usbCCIDEnumCards USB-CCID: Card enum thread exiting.
2025-11-05T21:21:05.848Z In(05) vmx SOUNDLIB: Closing Wave sound backend.
2025-11-05T21:21:05.850Z In(05) mks MKSControlMgr: disconnected
2025-11-05T21:21:05.850Z In(05) mks GDI-Backend: stopped by HWinMux to do window composition.
2025-11-05T21:21:05.850Z In(05) mks MKSRenderMain: Stopping BasicOps
2025-11-05T21:21:05.850Z In(05) mks MKSRenderMain: Stopped BasicOps
2025-11-05T21:21:05.853Z In(05) mks MKS PowerOff
2025-11-05T21:21:05.853Z In(05) svga SVGA thread is exiting
2025-11-05T21:21:05.853Z In(05) mks MKS thread is exiting
2025-11-05T21:21:05.854Z Wa(03) vmx Guest: 
2025-11-05T21:21:05.855Z In(05) vmx nvme0:0: numIOs = 453667 numMergedIOs = 70100 numSplitIOs = 11655 (14.3%)
2025-11-05T21:21:05.855Z In(05) vmx Closing disk 'nvme0:0'
2025-11-05T21:21:05.880Z In(05) vmx AIOWIN32C: asyncOps=538689 syncOps=150 bufSize=388Kb fixedOps=269153
2025-11-05T21:21:05.880Z In(05) aioCompletion AIO thread processed 538689 completions
2025-11-05T21:21:06.017Z In(05) deviceThread Device thread is exiting
2025-11-05T21:21:06.017Z In(05) vmx Vix: [mainDispatch.c:1172]: VMAutomationPowerOff: Powering off.
2025-11-05T21:21:06.018Z In(05) vmx Win32U_GetFileAttributes: GetFileAttributesExW("C:\Users\NARUTO1\GNS3\projects\holy_project\project-files\vmware\9b45566c-e1a2-4e25-a626-55630a1784bc\WindowsServer2019-1.vmpl", ...) failed, error: 2
2025-11-05T21:21:06.018Z In(05) vmx Policy_SavePolicyFile: invalid arguments to function.
2025-11-05T21:21:06.018Z In(05) vmx PolicyVMX_Exit: Could not write out policies: 15.
2025-11-05T21:21:06.018Z In(05) vmx WORKER: asyncOps=3 maxActiveOps=1 maxPending=1 maxCompleted=1
2025-11-05T21:21:06.020Z In(05) PowerNotifyThread PowerNotify thread exiting.
2025-11-05T21:21:06.303Z In(05) vmx Vix: [mainDispatch.c:4213]: VMAutomation_ReportPowerOpFinished: statevar=1, newAppState=1873, success=1 additionalError=0
2025-11-05T21:21:06.303Z In(05) vmx Vix: [mainDispatch.c:4231]: VMAutomation: Ignoring ReportPowerOpFinished because the VMX is shutting down.
2025-11-05T21:21:06.304Z In(05) vmx STATSFILE: Amount of dynamic storage used: 656
2025-11-05T21:21:06.304Z In(05) vmx STATSFILE: Number of entries made: 69
2025-11-05T21:21:06.304Z No(00) vmx ConfigDB: Setting cleanShutdown = "TRUE"
2025-11-05T21:21:06.326Z In(05) vmx Vix: [mainDispatch.c:4213]: VMAutomation_ReportPowerOpFinished: statevar=0, newAppState=1870, success=1 additionalError=0
2025-11-05T21:21:06.326Z In(05) vmx Vix: [mainDispatch.c:4231]: VMAutomation: Ignoring ReportPowerOpFinished because the VMX is shutting down.
2025-11-05T21:21:06.326Z In(05) vmx Transitioned vmx/execState/val to poweredOff
2025-11-05T21:21:06.327Z In(05) vmx VMX idle exit
2025-11-05T21:21:06.327Z In(05) vmx WQPoolFreePoll : pollIx = 3, signalHandle = 1140
2025-11-05T21:21:06.328Z In(05) vmx Vix: [mainDispatch.c:818]: VMAutomation_LateShutdown()
2025-11-05T21:21:06.328Z In(05) vmx Vix: [mainDispatch.c:773]: VMAutomationCloseListenerSocket. Closing listener socket.
2025-11-05T21:21:06.328Z In(05) vmx Flushing VMX VMDB connections
2025-11-05T21:21:06.328Z In(05) vmx VmdbDbRemoveCnx: Removing Cnx from Db for '/db/connection/#1/'
2025-11-05T21:21:06.328Z In(05) vmx VmdbCnxDisconnect: Disconnect: closed pipe for pub cnx '/db/connection/#1/' (0)
2025-11-05T21:21:06.329Z In(05) vmx VigorTransport_ServerDestroy: server destroyed.
2025-11-05T21:21:06.329Z In(05) vmx WQPoolFreePoll : pollIx = 2, signalHandle = 2892
2025-11-05T21:21:06.329Z In(05) vmx WQPoolFreePoll : pollIx = 1, signalHandle = 848
2025-11-05T21:21:06.337Z In(05) vmx VMX exit (0).
2025-11-05T21:21:06.337Z In(05) vmx OBJLIB-LIB: ObjLib cleanup done.
2025-11-05T21:21:06.337Z In(05) vmx AIOMGR-S : stat o=4 r=25 w=74 i=0 br=410108 bw=18350348
